1,1,2,5,5,3
2,1,2,5,3,1
3,1,3,1,5,6
4,3,4,2,1,2
5,1,3,1,5,3
6,2,1,1,2,7
7,1,3,1,5,6
8,1,2,5,3,1
9,1,1,1,3,7
10,2,1,1,4,7
11,3,4,2,1,6
12,1,3,1,5,3
13,1,2,5,3,1
14,3,4,2,1,2
15,1,1,1,3,7
16,2,4,2,4,2
17,3,4,2,1,2
18,2,3,1,4,1
19,1,3,1,5,3
20,1,1,1,3,7
21,3,4,2,1,2
22,2,4,2,2,2
23,2,3,1,4,1
24,3,4,2,1,2
25,3,4,2,1,2
26,3,4,2,1,2
27,3,4,2,1,2
28,1,3,1,3,6
29,1,2,1,3,1
30,3,4,2,1,2
31,3,4,2,1,2
32,3,4,2,1,2
33,1,2,1,3,6
34,3,4,5,1,2
35,3,4,2,1,2
36,3,4,2,1,2
37,1,3,1,3,4
38,1,3,1,5,3
39,1,3,1,5,6
40,3,4,2,1,2
41,3,4,4,1,2
42,3,4,2,2,2
43,3,4,2,1,2
44,1,1,1,3,7
45,3,4,2,1,2
46,3,4,2,1,2
47,2,1,1,2,1
48,1,2,5,3,6
49,3,4,2,1,2
50,2,1,1,2,1
51,2,1,2,4,7
52,1,3,1,5,3
53,3,4,2,1,2
54,1,3,5,5,3
55,3,4,2,1,2
56,1,2,5,3,1
57,3,4,2,1,2
58,3,4,2,1,2
59,3,4,2,1,2
60,1,2,5,3,1
61,2,4,2,4,2
62,3,4,2,1,2
63,1,3,1,5,3
64,1,3,1,5,6
65,1,3,1,5,3
66,2,1,1,4,1
67,3,4,2,1,2
68,1,3,1,5,6
69,1,3,1,5,3
70,2,1,1,2,7
71,1,1,1,3,7
72,3,4,2,1,2
73,3,4,2,1,2
74,3,4,2,1,2
75,3,4,2,1,2
76,2,1,1,4,1
77,1,3,1,3,4
78,3,4,2,1,2
79,2,4,2,4,2
80,3,4,2,1,2
81,3,4,2,2,2
82,3,4,2,1,2
83,3,4,2,1,2
84,3,4,2,1,2
85,3,4,2,1,2
86,3,4,2,1,2
87,1,3,5,5,3
88,1,3,1,5,3
89,2,1,1,4,7
90,3,4,2,1,2
92,2,4,2,4,2
93,1,3,1,5,6
94,3,4,2,1,2
95,2,1,1,4,7
96,1,3,1,5,3
97,3,4,2,1,2
98,2,1,1,4,7
99,1,3,1,3,4
100,2,4,2,4,2
101,1,3,1,5,3
102,1,3,1,5,3
103,2,3,1,4,1
104,1,3,1,5,3
105,3,4,2,1,2
106,3,4,2,1,2
107,1,2,5,5,3
108,1,3,1,3,4
109,1,3,1,5,3
110,3,4,4,1,2
111,2,4,2,4,2
112,1,1,1,2,7
113,3,4,2,1,2
114,3,4,2,1,2
115,1,3,1,5,3
116,1,3,1,3,4
117,1,3,1,2,1
118,1,3,1,5,6
119,1,3,1,5,3
120,3,4,2,1,2
121,3,4,2,1,2
122,1,3,1,5,6
123,3,4,2,1,2
124,3,4,2,1,2
125,1,3,1,5,3
126,1,2,5,3,1
127,3,4,2,1,2
128,1,3,1,3,4
129,1,3,1,5,6
130,3,4,2,1,2
131,3,4,2,1,2
132,2,3,1,4,1
133,3,4,2,1,2
134,1,3,1,3,4
135,1,3,1,5,3
136,1,3,1,3,4
137,1,3,1,3,4
138,3,4,2,1,2
139,3,4,2,1,2
140,3,4,2,1,2
141,1,3,1,5,3
142,3,4,2,1,2
143,3,4,2,1,2
144,1,3,1,5,3
145,1,1,1,3,7
146,1,2,5,3,1
147,3,4,2,1,2
148,3,4,2,1,2
149,2,4,2,2,2
150,3,4,2,1,2
151,3,4,4,1,2
152,1,3,1,3,1
153,1,1,1,2,7
154,3,4,2,1,2
155,3,4,4,1,2
156,1,3,1,5,3
157,1,3,4,5,3
158,1,2,5,3,1
159,3,4,2,1,2
160,1,1,1,3,7
161,2,4,4,4,2
162,1,3,1,3,4
163,2,1,1,4,7
164,2,1,1,2,1
165,2,1,1,4,7
166,3,4,2,1,2
167,3,4,2,1,2
168,3,1,2,1,7
169,3,2,5,1,2
170,2,1,1,2,7
171,1,3,1,5,3
172,2,1,1,4,7
173,1,1,1,3,7
174,1,3,1,5,3
175,3,4,2,1,2
176,1,3,1,5,3
177,1,3,1,3,1
178,1,3,1,5,3
179,3,4,2,1,2
180,1,3,1,5,3
181,1,1,5,3,7
182,3,4,2,1,2
183,2,3,1,4,1
184,3,4,2,1,2
185,2,1,1,4,1
186,1,3,1,5,3
187,1,3,1,5,3
188,1,3,1,3,1
189,1,3,1,5,3
190,2,3,1,4,1
191,3,4,2,1,2
192,1,3,1,3,4
193,3,4,2,1,2
194,3,4,2,1,2
195,3,4,2,1,6
196,1,3,1,3,1
197,3,4,2,1,2
198,1,1,1,2,7
199,3,4,2,1,2
200,2,3,1,4,1
201,3,4,2,1,2
202,3,4,2,1,2
203,1,3,1,5,3
204,1,1,1,3,7
205,3,4,2,1,2
206,1,3,1,3,4
207,3,4,2,1,2
208,1,1,1,3,7
209,3,4,2,1,2
210,1,3,1,3,1
211,3,4,2,1,2
212,1,3,1,5,3
213,3,4,2,1,2
214,3,4,2,1,2
215,3,4,2,1,2
216,1,3,1,5,3
217,2,4,2,4,2
218,3,4,2,1,2
219,3,4,2,1,2
220,1,3,1,3,1
222,3,4,2,1,2
223,1,3,1,5,3
224,3,4,2,1,6
225,2,4,2,4,2
226,2,3,1,4,1
227,1,1,1,3,7
228,1,3,1,5,3
229,2,4,2,4,2
230,2,4,2,4,2
231,1,3,1,5,3
232,3,4,2,1,2
233,3,4,2,1,2
234,1,3,1,5,3
235,3,4,2,1,2
236,1,3,1,5,6
237,1,3,1,5,6
238,1,2,5,3,1
239,1,2,5,5,6
240,2,3,1,4,1
241,3,4,2,1,2
242,3,4,2,1,2
243,1,3,1,5,3
244,1,2,5,3,1
245,3,4,2,2,2
246,1,3,1,3,4
247,2,4,2,4,2
248,1,3,1,5,3
249,3,4,2,1,2
250,1,3,5,5,3
251,1,1,1,3,7
252,1,3,1,5,6
253,3,4,2,1,2
254,3,4,2,1,2
255,1,3,1,5,3
256,1,3,1,5,3
257,2,3,1,4,1
258,1,2,5,5,6
259,2,4,2,2,2
260,1,1,1,3,7
261,3,4,2,1,2
262,3,4,2,1,2
263,3,4,2,1,2
264,3,4,2,1,2
265,3,4,2,1,2
266,3,4,4,1,2
267,1,3,1,5,3
268,3,4,2,1,2
269,3,4,2,1,2
270,3,4,2,1,2
271,3,4,2,1,2
272,3,4,2,1,2
273,3,4,2,1,2
274,1,3,1,5,3
275,1,3,1,5,3
276,1,3,1,5,6
277,3,4,2,1,2
278,1,3,1,5,3
279,3,4,2,1,2
280,2,4,2,4,2
281,3,4,2,1,2
282,3,4,2,1,2
283,3,4,2,2,2
284,1,1,1,2,7
285,3,4,2,1,2
286,2,1,1,4,7
287,1,3,1,5,6
288,2,1,1,4,7
289,1,3,1,5,6
290,3,4,2,2,2
291,2,3,1,4,1
292,2,1,2,4,7
293,2,4,2,2,2
294,1,3,1,5,6
295,1,3,1,5,6
296,3,4,2,2,2
297,3,4,2,1,2
298,1,3,1,5,3
299,3,4,2,1,2
300,3,4,2,1,2
301,3,4,2,1,2
302,3,4,2,1,2
303,1,1,1,3,7
304,3,4,2,1,2
305,1,3,1,5,3
306,3,4,2,1,2
307,3,4,2,1,2
308,3,4,2,1,2
309,3,4,2,1,2
310,1,3,1,5,3
311,2,3,1,4,1
312,1,3,1,5,3
313,1,2,5,3,1
314,3,4,2,1,2
315,1,1,1,3,7
316,1,1,1,3,7
317,1,2,5,5,3
318,3,4,2,1,2
319,2,3,1,4,1
320,2,3,1,4,1
321,3,4,2,1,2
322,3,4,2,1,2
324,1,3,1,5,3
325,1,3,1,5,3
326,3,4,2,1,2
327,1,1,1,5,7
328,1,3,1,3,1
329,1,1,1,3,7
330,1,3,1,5,3
331,3,4,2,1,2
332,1,3,1,3,1
333,1,3,1,5,3
334,3,4,2,1,2
335,2,3,1,4,1
336,3,4,4,1,2
337,3,4,2,1,2
338,2,1,1,4,1
339,1,3,1,5,6
340,3,4,2,1,2
341,3,4,2,1,2
342,1,3,1,5,6
343,1,2,5,3,1
344,1,3,1,5,3
345,3,4,2,1,2
346,3,4,2,1,2
347,3,4,2,1,2
348,1,3,1,5,3
349,2,1,1,4,7
350,2,4,2,4,2
351,3,4,2,1,6
352,1,3,1,5,3
353,2,1,1,4,7
354,3,4,2,1,2
355,1,3,5,5,3
356,1,3,4,5,6
357,1,3,1,5,6
358,3,4,2,1,2
359,3,4,2,1,6
360,1,3,1,5,3
361,3,4,2,1,2
362,1,2,5,3,6
363,1,3,1,3,4
364,1,2,5,3,1
365,3,4,2,1,2
366,1,3,1,3,1
367,1,3,1,5,3
368,1,3,1,5,3
369,3,4,2,1,2
370,1,3,1,5,3
371,3,4,2,1,2
372,3,4,2,1,2
373,2,3,1,4,1
374,1,3,5,5,3
375,3,4,2,1,2
376,2,1,1,4,7
377,2,1,1,4,7
378,1,3,1,5,6
379,1,1,1,3,7
380,1,1,1,5,6
381,3,4,2,1,2
382,3,4,2,1,2
383,1,3,1,3,1
384,1,1,1,3,7
385,3,4,2,1,2
386,3,4,2,1,2
387,1,3,1,5,3
388,3,4,2,1,2
389,3,4,4,1,2
390,3,4,2,1,2
391,3,4,2,2,2
392,1,2,5,3,1
393,1,1,1,3,7
394,1,1,1,3,7
395,3,4,2,1,2
396,3,4,2,1,2
397,1,3,1,3,1
398,1,3,1,3,4
399,3,4,2,1,2
400,3,4,2,1,2
401,2,1,1,4,7
402,1,3,1,5,3
403,3,4,2,2,2
404,1,3,1,3,4
405,1,1,1,3,7
406,3,4,2,1,2
407,2,3,1,4,1
408,3,4,2,1,2
409,3,4,2,1,2
410,1,3,1,5,3
411,1,3,1,5,3
412,3,4,2,1,2
413,1,3,1,5,3
414,1,3,1,5,3
415,2,3,1,5,3
416,1,3,1,3,1
417,1,3,1,5,6
418,3,4,2,1,2
419,1,3,1,5,3
420,1,3,1,5,3
421,1,2,5,3,1
422,2,3,1,4,1
423,2,1,1,4,7
424,3,4,2,1,2
425,3,4,2,1,2
426,2,1,1,4,1
427,2,3,1,4,6
428,3,4,2,1,2
429,1,3,1,5,3
430,3,4,2,1,2
431,3,4,2,2,2
432,1,3,1,5,3
433,1,3,1,5,3
434,1,1,1,2,7
435,1,3,1,5,3
436,2,4,2,4,2
437,1,3,1,5,3
438,1,3,1,5,3
439,3,4,2,1,2
440,1,3,1,5,6
441,1,3,1,5,3
442,1,1,1,3,7
443,1,3,1,3,4
444,1,3,1,5,6
445,1,3,1,5,3
446,3,4,2,1,2
447,1,3,1,5,6
448,3,4,2,1,2
449,1,3,1,5,3
450,3,4,2,1,2
451,3,4,2,1,2
452,3,4,2,1,2
453,1,3,1,5,3
454,2,4,2,4,2
455,3,2,5,1,2
456,3,4,2,1,2
457,2,1,1,4,7
458,3,4,2,1,2
459,1,1,1,3,7
460,1,3,1,5,3
461,3,4,2,1,2
462,1,1,1,3,7
463,2,4,2,2,2
464,2,1,1,2,7
465,3,4,4,1,2
466,1,1,4,5,3
467,1,3,1,5,3
468,1,3,1,5,6
469,3,4,2,1,2
470,1,3,1,5,3
471,1,3,1,5,6
472,3,4,2,1,2
473,1,3,4,5,3
474,2,1,1,4,7
475,3,4,2,1,2
476,3,4,2,1,2
477,3,4,2,1,2
478,1,3,1,5,3
479,1,1,1,3,7
480,1,1,1,3,7
481,2,4,2,4,2
482,2,3,1,4,1
483,3,4,2,1,2
484,1,2,5,3,1
485,1,3,1,5,3
486,1,3,1,5,3
487,1,3,1,5,3
488,3,4,2,1,2
489,1,3,1,5,3
490,2,3,1,4,1
491,3,4,2,1,2
492,1,3,1,5,3
493,3,4,2,2,2
494,2,1,1,4,7
495,3,4,2,1,2
496,3,4,2,1,6
497,1,3,1,5,6
498,3,4,2,1,2
499,1,3,1,5,6
500,1,3,1,5,3
501,3,4,2,1,2
502,1,1,5,3,7
503,3,4,2,1,2
504,1,1,1,3,7
505,1,3,1,5,3
506,3,4,2,1,2
507,3,4,2,1,2
508,3,4,2,1,2
509,3,4,2,1,2
510,3,4,2,1,2
511,3,4,2,1,2
512,1,3,1,3,1
513,1,3,1,5,6
514,1,3,1,5,3
515,3,4,2,1,2
516,3,4,4,1,2
517,3,4,2,1,2
518,1,3,1,5,3
519,2,1,1,4,1
520,1,3,1,5,3
521,2,1,1,2,1
522,3,4,2,1,2
523,3,4,2,1,2
524,3,4,2,1,2
525,3,4,2,1,2
526,3,4,2,1,2
527,3,4,4,1,2
528,3,4,2,1,2
529,3,4,2,1,2
530,3,4,2,1,2
531,3,4,2,1,2
532,1,3,1,5,3
533,1,1,1,3,7
534,3,4,2,1,2
535,3,4,2,1,2
536,3,4,2,1,2
537,3,4,2,1,2
538,3,4,2,1,2
539,1,3,1,5,6
540,2,3,1,4,1
541,1,3,1,3,1
542,1,3,1,5,3
543,2,3,1,5,6
544,1,1,1,3,7
545,3,4,2,1,2
546,1,2,5,3,7
547,2,1,1,4,7
548,1,1,1,3,7
549,1,3,1,3,4
550,1,3,1,5,6
551,1,2,5,5,3
552,1,1,1,5,7
553,1,3,1,3,1
554,2,3,1,4,1
555,1,1,1,2,7
556,1,3,1,3,4
557,3,4,2,1,2
558,1,2,5,3,7
559,1,3,1,5,3
560,3,4,2,1,2
561,2,3,1,4,1
562,3,4,2,1,2
563,3,4,2,1,2
564,1,3,1,5,3
565,1,3,1,3,1
566,1,3,1,5,6
567,3,4,2,1,2
568,3,4,2,1,2
569,1,3,5,5,3
570,3,4,2,1,2
571,3,4,2,1,2
572,3,4,2,1,2
573,3,4,2,1,2
574,3,4,2,1,2
575,1,3,5,5,3
576,1,3,1,5,3
577,1,2,5,3,1
578,3,4,2,1,2
579,2,3,1,4,1
580,3,4,2,1,2
581,1,3,1,3,4
582,1,3,1,5,3
583,3,4,2,1,2
584,3,4,2,1,2
585,1,3,1,5,3
586,1,3,5,5,3
587,2,3,1,5,6
588,1,2,5,5,3
589,2,1,1,4,7
590,3,4,2,1,2
591,2,1,2,4,7
592,3,1,2,2,7
593,2,4,2,4,2
594,1,2,5,3,1
595,1,2,5,3,1
596,1,2,5,3,1
597,1,3,1,5,6
598,1,3,1,5,3
599,1,3,1,3,1
600,2,3,1,4,1
601,3,4,2,1,2
602,1,3,1,3,4
603,1,3,1,5,3
604,1,3,1,3,4
605,3,4,2,1,2
606,1,3,1,3,1
607,3,4,2,1,2
608,2,4,2,2,2
609,1,2,5,3,1
610,1,1,1,3,7
611,1,1,1,3,7
612,1,3,1,5,3
613,3,4,2,1,2
614,2,4,2,4,2
615,3,4,2,1,2
616,1,2,5,3,1
617,3,4,2,1,2
618,1,3,1,5,6
619,1,3,1,5,3
620,3,4,2,1,2
621,3,4,2,1,2
623,1,3,1,3,6
624,2,1,2,4,7
625,3,4,2,1,2
626,1,3,1,5,3
627,2,4,2,4,2
628,2,4,2,4,2
629,3,4,2,1,2
630,3,4,2,1,2
631,1,2,5,3,1
632,1,3,4,3,1
633,1,3,1,5,3
634,1,3,1,5,3
635,3,4,2,1,2
636,3,4,2,1,2
637,1,3,1,5,3
638,1,3,1,3,6
639,1,3,1,5,3
640,2,4,2,4,2
641,1,3,1,5,3
642,3,4,2,1,2
643,1,3,1,5,3
644,1,3,1,5,3
645,3,4,2,1,2
647,3,4,4,1,2
648,1,1,1,3,7
649,3,4,2,1,2
650,3,4,2,1,2
651,1,3,1,5,3
652,1,3,1,3,1
653,1,1,1,3,7
654,3,4,2,1,2
655,1,3,1,5,3
656,1,3,1,5,3
657,3,4,2,1,2
658,3,4,2,1,2
659,2,1,1,2,1
660,3,4,2,1,2
661,1,2,5,3,1
662,2,3,1,4,1
663,1,3,1,5,3
664,1,3,1,5,3
665,1,3,4,3,1
666,3,4,2,1,2
667,1,1,1,3,7
668,3,4,2,1,2
669,3,4,2,1,2
670,3,4,2,1,2
671,1,3,1,5,3
672,3,4,2,1,2
673,1,2,5,5,3
674,1,2,1,3,1
675,2,1,2,4,7
676,3,4,2,1,2
678,2,4,2,4,2
679,3,4,2,1,2
680,1,3,1,3,1
681,1,3,1,2,1
682,3,4,2,1,4
683,1,3,1,3,4
684,3,4,2,1,2
685,3,4,2,1,2
687,3,4,2,1,2
688,1,1,4,5,7
690,1,3,1,3,6
691,1,3,1,5,6
692,2,1,1,4,7
693,3,4,2,1,2
694,1,1,1,3,7
695,2,3,1,4,1
696,2,3,1,4,1
697,3,4,2,1,2
698,3,4,2,1,2
699,3,4,2,1,2
700,1,3,1,5,3
701,3,4,2,1,2
702,3,4,2,1,2
703,3,4,2,1,2
704,1,1,1,3,7
705,1,3,1,5,3
706,3,4,2,1,2
707,2,1,1,2,1
708,1,3,1,5,6
709,1,2,5,3,1
710,1,3,1,5,3
711,1,2,5,3,1
712,3,4,2,1,2
713,3,4,2,1,2
714,1,3,1,3,1
715,3,4,2,1,2
716,1,3,1,2,1
717,1,3,1,5,3
718,1,3,1,5,3
719,1,3,1,5,3
720,1,2,1,3,1
721,3,4,2,1,2
722,1,3,1,3,4
723,3,4,2,1,2
724,3,4,2,1,2
725,1,3,1,5,3
726,3,4,2,1,2
727,1,3,1,3,4
728,1,3,1,5,3
729,3,4,2,1,2
730,3,4,2,1,2
731,2,3,1,4,1
732,1,3,1,2,1
733,2,1,1,4,7
734,1,3,1,5,3
735,1,3,1,5,3
736,2,1,1,4,7
737,1,1,1,3,7
738,3,4,2,1,2
739,1,3,1,5,3
741,1,2,1,3,1
742,2,3,1,4,1
743,1,3,1,5,3
744,3,4,2,1,2
745,2,3,1,5,3
746,1,3,1,3,1
747,1,3,1,5,3
748,2,1,1,4,7
749,3,4,2,1,2
750,1,3,4,3,1
751,1,3,1,5,3
752,1,3,1,5,6
753,3,4,2,1,2
754,1,2,5,3,1
755,3,4,2,1,2
756,1,3,1,3,4
757,3,4,2,1,2
758,3,4,2,1,2
759,1,3,1,3,4
760,1,3,4,3,1
761,1,2,1,3,1
762,1,3,1,5,3
763,3,4,2,1,2
764,3,4,2,1,2
765,3,4,2,1,2
766,3,4,2,1,2
767,3,4,2,1,2
768,3,4,2,1,2
769,1,3,1,3,4
770,3,4,2,1,2
771,3,4,2,1,2
772,1,3,1,5,3
773,3,4,2,1,2
774,3,4,2,1,2
775,1,3,1,3,1
776,3,4,2,1,2
777,1,3,4,3,1
778,3,4,2,1,2
779,3,4,2,1,2
780,1,1,4,3,7
781,3,4,2,1,2
782,2,3,1,4,1
783,1,2,5,3,1
784,1,3,1,5,3
785,1,3,1,5,3
786,2,1,1,4,7
787,1,3,1,3,4
788,1,3,1,5,6
789,3,4,2,1,2
790,3,4,2,1,2
791,1,3,1,3,4
792,1,3,1,3,1
793,3,4,2,1,2
794,3,4,2,1,2
795,3,4,2,1,2
796,3,4,2,1,2
797,1,3,1,5,3
798,2,1,1,4,7
799,1,3,1,5,3
800,3,4,2,1,2
801,1,3,5,5,3
802,3,4,2,1,2
803,1,3,1,3,6
804,1,3,1,5,6
805,3,4,2,1,2
806,3,4,2,1,2
807,1,3,1,5,6
808,1,2,5,3,1
809,1,1,1,3,7
810,1,2,5,5,3
811,1,3,1,5,3
812,3,4,2,1,2
813,1,3,1,5,3
814,3,4,2,1,2
815,2,1,1,4,7
816,3,4,2,1,2
818,1,3,1,5,3
819,3,4,2,1,2
820,3,4,2,1,2
821,1,3,1,3,6
822,3,4,2,1,2
823,3,4,2,1,2
824,3,4,2,1,2
825,1,3,1,5,6
826,3,4,2,1,2
827,3,4,2,1,2
828,1,2,5,3,1
829,1,3,1,5,3
830,1,3,1,5,3
831,3,4,2,1,2
832,2,4,2,4,2
833,1,3,1,5,3
834,1,3,1,5,3
835,3,4,2,1,2
836,2,1,1,4,7
837,1,3,5,5,3
838,3,4,2,1,6
839,2,1,1,4,7
840,1,3,1,5,3
841,1,3,1,3,1
842,1,3,1,3,1
843,3,4,2,1,2
844,3,4,2,1,2
845,3,4,2,1,2
846,3,4,2,1,2
847,3,4,2,1,2
848,3,4,2,1,2
849,2,1,1,4,7
850,3,4,2,2,2
851,3,4,2,1,2
852,1,3,1,5,6
853,3,4,2,1,2
854,3,4,2,1,2
855,3,4,2,1,2
856,1,3,1,5,3
857,3,4,2,1,2
858,3,4,2,2,2
859,1,3,1,3,4
860,1,3,1,5,3
861,2,1,1,4,7
862,3,4,2,1,2
863,1,3,1,5,3
864,3,4,2,1,2
865,3,4,2,1,2
866,2,4,2,2,2
867,1,3,1,5,3
868,1,3,1,5,3
869,1,3,1,2,1
870,1,3,1,5,3
871,1,3,1,5,3
872,3,4,2,1,2
873,3,4,2,1,2
874,3,4,2,2,2
875,3,4,2,1,2
876,1,1,1,3,7
877,3,4,2,1,2
878,3,4,2,1,2
879,1,3,1,3,1
880,2,1,1,4,1
881,1,3,5,5,3
882,2,4,2,4,2
884,3,4,2,1,2
885,3,4,2,1,2
886,1,1,1,3,7
887,3,4,2,1,2
888,1,2,5,3,1
889,1,3,1,3,6
890,2,3,1,4,1
891,2,3,1,4,1
892,3,4,2,1,6
893,3,4,2,1,2
894,1,3,1,3,6
895,3,4,2,1,2
896,3,4,2,1,2
897,1,2,4,3,1
898,1,3,1,5,6
899,1,3,1,3,6
900,1,3,1,3,6
901,1,3,1,5,3
902,3,4,2,1,2
903,2,3,1,4,1
904,2,3,1,4,1
905,1,3,1,5,3
906,2,3,1,4,1
907,1,3,1,5,6
908,2,4,2,4,2
909,3,4,2,1,2
910,1,3,1,5,3
911,2,3,1,5,6
912,3,4,4,1,2
913,1,3,1,3,1
914,1,3,1,3,6
915,1,3,1,5,6
916,1,3,1,5,6
917,3,4,2,1,2
918,1,3,1,3,1
919,3,2,5,1,2
920,3,4,4,1,2
921,1,3,1,5,3
922,1,3,1,3,1
923,3,4,2,1,2
924,2,4,2,4,2
925,1,2,1,3,6
926,3,4,2,1,2
927,1,3,1,5,3
928,2,3,1,4,6
929,2,3,1,4,1
930,2,3,1,4,6
931,2,3,1,4,6
932,1,3,1,3,6
933,2,3,1,5,6
934,1,3,1,5,3
935,1,3,1,5,3
936,1,3,1,5,6
937,1,3,1,5,6
938,1,3,1,3,1
939,3,4,2,1,2
940,1,1,1,3,7
941,1,2,1,3,1
942,1,3,1,2,1
943,3,4,2,1,2
944,3,4,2,1,2
945,1,3,1,5,6
946,3,4,4,1,2
947,1,3,1,5,3
948,3,4,2,1,2
949,3,4,2,1,2
950,1,3,1,3,1
951,1,3,1,5,3
952,1,3,1,5,3
953,3,4,2,1,2
954,3,4,2,1,2
955,1,3,1,5,3
956,3,4,2,1,2
957,3,4,2,1,2
958,1,3,1,5,3
959,3,4,2,1,2
960,3,4,2,2,2
961,3,4,2,1,2
962,3,4,2,2,2
963,1,3,1,3,1
964,1,3,1,3,1
965,2,3,1,4,1
966,3,4,2,1,2
967,1,3,1,3,1
968,1,3,1,3,1
969,1,1,4,3,7
970,3,4,2,1,2
971,3,4,2,1,2
972,3,4,2,1,2
973,3,4,2,1,2
974,3,4,2,1,2
975,1,3,1,5,3
976,1,3,4,3,6
977,1,3,1,3,1
978,3,4,2,1,2
979,3,4,4,1,2
980,1,1,1,3,7
981,3,4,2,1,2
982,3,4,2,1,2
983,1,3,1,3,6
984,3,4,2,1,2
985,1,3,1,3,4
986,1,2,5,3,1
987,3,4,2,1,2
988,3,4,2,1,2
989,3,4,2,1,2
990,2,1,1,4,7
991,3,4,4,1,2
992,2,3,1,4,1
993,3,4,2,1,2
994,3,4,2,1,2
996,3,4,2,1,2
997,2,4,2,4,2
998,1,1,1,2,7
999,1,3,1,2,1
1000,1,3,1,2,1
1001,1,3,1,5,3
1002,1,3,1,5,3
1003,2,4,2,4,2
1004,2,1,1,4,7
1005,1,3,5,5,3
1006,3,4,2,1,2
1007,1,3,5,5,3
1008,1,3,1,3,1
1009,1,2,5,3,1
1010,1,3,5,5,3
1011,1,2,5,5,3
1012,3,4,2,1,2
1013,3,4,2,1,2
1014,3,4,5,1,2
1015,1,2,5,3,1
1016,1,3,5,5,3
1017,1,2,5,3,1
1018,1,3,5,5,3
1019,1,2,5,3,1
1020,1,3,1,5,3
1021,1,3,5,5,3
1022,1,2,5,3,1
1023,1,2,5,3,1
1024,1,2,5,3,1
1025,1,2,5,3,1
1026,3,4,2,1,2
1027,3,4,2,1,2
1028,1,2,5,5,3
1029,1,2,5,3,1
1030,1,2,5,3,1
1031,1,2,5,3,1
1032,1,2,5,3,1
1033,1,2,5,3,1
1034,1,3,1,2,1
1035,1,3,1,3,1
1036,2,1,1,4,7
1037,2,1,1,4,7
1038,3,4,2,1,2
1039,1,3,1,3,4
1040,3,4,2,1,2
1041,3,4,2,1,2
1042,1,3,1,5,3
1043,3,4,2,1,2
1044,3,4,2,1,2
1045,3,4,2,1,2
1046,3,4,2,1,2
1047,2,1,1,4,7
1049,1,1,1,3,7
1050,3,4,2,1,4
1051,3,4,2,1,2
1052,3,4,2,1,2
1053,3,4,2,2,2
1054,3,4,2,1,2
1055,2,3,1,4,1
1056,3,4,2,1,2
1057,1,3,1,5,6
1058,3,4,2,1,2
1059,3,4,2,1,2
1060,3,4,2,1,2
1061,3,4,2,2,2
1062,3,4,2,1,2
1063,3,4,2,1,2
1064,1,2,5,5,3
1065,1,3,1,3,1
1066,1,3,1,5,6
1067,1,3,1,5,6
1068,1,3,1,2,1
1069,2,3,1,4,1
1070,1,2,1,3,1
1071,1,3,4,3,6
1073,1,2,5,5,3
1075,1,3,1,5,3
1076,2,3,1,4,1
1077,1,3,1,5,3
1078,1,3,4,5,3
1079,1,3,1,5,3
1080,1,3,1,5,3
1081,1,3,1,5,3
1082,3,4,2,1,2
1083,1,3,1,5,3
1084,3,4,2,2,2
1085,3,4,2,1,2
1086,2,3,1,4,1
1087,1,3,1,3,1
1088,1,3,1,3,6
1089,2,1,1,2,1
1090,3,4,4,1,2
1091,1,3,1,5,3
1092,2,3,1,4,1
1093,3,4,2,1,2
1094,3,4,4,1,2
1095,3,4,2,1,2
1096,3,4,2,1,2
1097,3,2,5,1,2
1098,1,3,1,5,3
1099,3,4,2,1,2
1100,1,1,1,3,7
1101,1,1,1,3,7
1102,1,1,1,3,7
1103,3,4,2,1,2
1104,3,4,2,1,2
1105,1,3,1,3,1
1106,1,3,1,3,4
1107,1,3,1,5,3
1108,1,3,1,3,4
1109,3,4,2,1,2
1110,1,1,1,3,7
1111,1,3,1,3,4
1112,3,4,2,1,2
1113,1,3,1,5,3
1114,3,4,2,1,2
1115,3,4,2,1,2
1116,3,4,2,1,2
1117,3,4,2,1,2
1118,1,2,1,3,1
1119,3,4,2,1,2
1120,3,4,2,1,2
1121,3,4,2,1,2
1122,1,3,1,3,4
1123,1,3,1,3,4
1124,3,4,2,1,2
1125,1,3,1,5,3
1126,1,3,1,5,3
1127,2,1,1,4,7
1128,1,3,1,3,1
1129,2,1,1,4,7
1130,1,3,1,3,1
1131,3,4,2,1,2
1132,3,4,2,1,2
1133,3,4,2,1,2
1134,3,4,2,1,2
1135,1,3,1,5,3
1136,1,3,1,5,3
1137,1,3,1,3,6
1138,1,3,1,3,4
1139,3,4,2,1,2
1140,3,4,2,1,2
1141,3,4,2,1,2
1142,3,4,2,1,2
1143,1,3,1,5,3
1144,1,3,1,3,4
1145,1,3,1,3,4
1146,3,4,2,1,2
1147,1,3,1,3,4
1148,1,3,1,5,3
1149,3,4,2,1,4
1150,3,4,2,1,2
1151,2,3,1,5,3
1152,2,1,1,2,1
1153,1,3,1,3,1
1154,1,3,1,3,1
1155,3,4,2,1,2
1156,3,4,2,1,2
1157,3,4,2,1,2
1158,1,3,1,5,3
1159,1,3,1,3,6
1160,1,3,1,5,3
1161,3,4,2,1,2
1162,1,3,1,5,3
1163,3,4,2,1,2
1164,3,4,2,1,2
1165,2,4,2,4,2
1166,1,3,1,5,3
1167,1,3,1,5,3
1168,1,3,1,3,1
1169,1,3,1,3,4
1170,1,1,1,3,7
1171,1,3,1,5,3
1172,3,4,2,1,6
1173,3,4,2,1,2
1174,1,3,1,5,3
1175,1,3,1,5,3
1176,3,4,2,1,2
1177,3,4,2,1,2
1178,3,4,4,1,2
1179,3,4,2,2,2
1180,1,3,1,5,3
1181,1,1,1,3,7
1183,3,4,4,1,2
1184,1,3,4,5,3
1185,3,4,2,1,2
1186,3,4,2,1,2
1187,3,4,2,1,2
1188,1,3,1,5,6
1189,1,3,1,3,4
1190,3,4,2,1,2
1191,1,3,1,3,4
1192,1,3,1,3,4
1193,3,4,2,1,2
1194,1,3,1,5,3
1196,3,1,4,1,7
1197,1,1,1,5,6
1198,1,1,1,3,7
1199,1,3,1,3,1
1200,2,1,4,4,7
1201,1,1,1,3,7
1202,1,3,1,5,3
1203,3,4,2,1,2
1204,1,2,4,3,1
1205,2,1,5,4,7
1206,1,3,1,3,1
1207,3,4,2,1,2
1208,3,4,4,1,2
1209,1,3,1,3,1
1210,1,1,4,3,7
1211,3,4,2,1,6
1212,2,3,1,4,1
1213,3,4,2,2,2
1214,2,1,1,4,7
1215,1,1,1,3,7
1216,1,2,1,3,6
1217,3,4,4,1,2
1218,2,1,1,4,7
1219,2,3,1,4,1
1220,1,3,1,5,3
1221,3,4,2,2,2
1222,3,4,4,1,2
1223,1,3,1,5,3
1224,3,4,4,1,2
1225,3,4,2,1,2
1226,1,3,1,5,6
1227,2,4,2,2,2
1228,3,4,2,1,2
1230,1,3,1,5,6
1231,3,4,2,1,2
1232,1,3,1,3,1
1233,3,4,4,1,2
1234,1,3,1,5,3
1235,1,3,1,5,3
1236,3,4,2,1,2
1237,3,4,2,1,2
1238,1,3,1,5,3
1240,2,1,1,4,7
1241,1,3,1,5,3
1242,3,4,4,1,2
1243,3,4,2,1,2
1244,3,4,2,1,6
1245,3,4,2,1,2
1246,3,4,2,1,2
1247,3,4,2,1,2
1248,2,1,1,2,1
1249,2,3,1,4,1
1250,3,4,4,1,2
1251,3,4,2,1,2
1252,2,3,1,4,1
1253,3,4,2,1,2
1254,1,2,1,3,1
1255,1,3,1,5,3
1256,1,3,4,5,3
1257,1,3,1,5,3
1258,1,3,1,3,1
1259,3,4,2,1,2
1260,2,1,1,2,1
1261,1,1,1,5,7
1262,1,2,4,3,1
1263,3,4,4,1,2
1264,2,1,2,4,7
1265,1,3,1,5,6
1266,1,3,1,3,1
1267,2,3,1,4,1
1268,3,4,2,1,2
1269,2,3,1,4,3
1270,1,3,1,5,3
1271,3,4,2,1,2
1272,3,4,4,1,2
1273,3,4,2,1,2
1274,2,2,1,4,1
1275,1,1,1,3,7
1276,3,4,2,1,2
1277,3,4,2,1,2
1278,1,3,1,5,3
1279,3,4,2,1,2
1280,3,4,2,1,2
1281,1,3,1,5,3
1282,1,2,5,3,1
1283,1,3,1,3,1
1284,1,3,1,3,1
1285,1,3,1,5,3
1286,3,4,2,1,2
1287,3,1,2,1,7
1288,3,4,2,1,2
1289,1,3,4,3,4
1290,3,4,2,1,2
1291,1,1,1,3,7
1292,1,3,1,5,3
1293,3,4,2,1,2
1294,1,3,4,5,3
1295,3,4,2,1,2
1296,3,4,2,1,2
1297,1,3,1,5,3
1298,3,4,4,1,2
1299,3,4,4,1,2
1300,3,4,2,1,2
1301,1,3,1,3,1
1302,3,4,2,1,2
1303,1,2,1,3,1
1304,1,3,1,5,3
1305,3,4,2,1,2
1306,3,4,2,1,2
1307,1,3,1,5,6
1308,1,3,1,5,3
1309,3,4,2,1,2
1310,1,3,1,3,4
1311,1,3,1,5,3
1312,3,4,2,1,2
1313,1,3,1,2,1
1314,1,3,1,3,6
1315,1,3,1,3,4
1316,3,4,2,1,2
1317,1,3,1,5,3
1318,3,4,2,1,2
1319,1,3,1,3,4
1320,2,1,1,4,7
1321,1,3,1,3,1
1322,1,3,1,3,1
1323,1,3,1,3,1
1324,1,3,1,3,1
1325,1,3,1,3,1
1326,1,3,1,3,1
1327,1,3,1,3,1
1328,1,3,1,3,1
1329,1,3,1,3,1
1330,1,3,1,5,3
1331,1,3,1,3,1
1332,2,3,1,4,1
1333,1,3,1,3,1
1334,1,3,1,3,1
1335,1,1,1,3,7
1336,1,3,1,3,1
1337,1,3,1,3,1
1339,1,3,1,3,6
1340,1,3,1,3,1
1341,1,3,1,3,1
1342,1,3,1,3,1
1343,2,3,1,4,1
1344,2,3,1,4,1
1345,1,3,1,3,1
1346,1,3,1,3,1
1347,1,3,1,3,1
1348,1,3,1,3,1
1349,1,3,1,3,1
1350,1,3,1,3,1
1351,3,4,2,1,2
1352,2,1,1,2,1
1353,1,3,1,5,6
1354,3,4,2,1,2
1355,2,3,1,4,1
1356,1,1,1,3,7
1357,3,4,2,1,2
1358,2,4,2,4,2
1359,1,2,5,5,3
1360,3,4,2,1,2
1361,1,3,1,3,4
1362,3,4,2,1,2
1363,3,4,2,1,2
1364,1,1,1,3,7
1365,3,4,2,1,2
1366,3,4,2,1,2
1367,1,3,5,5,3
1368,3,4,2,1,2
1369,2,4,2,4,2
1370,2,1,1,4,7
1371,1,1,1,3,7
1372,1,1,1,3,7
1373,1,1,1,3,7
1374,1,1,1,3,7
1375,1,1,1,3,7
1376,1,1,1,3,7
1377,1,1,1,2,7
1378,1,3,1,5,3
1379,1,3,1,5,3
1380,1,3,1,5,6
1381,1,3,1,5,6
1382,3,4,2,1,2
1383,1,1,1,3,7
1384,3,4,2,1,2
1385,1,1,1,3,7
1386,1,3,1,3,1
1387,1,1,1,3,7
1388,1,1,1,3,7
1389,1,1,1,3,7
1390,1,3,1,5,3
1391,1,1,4,5,7
1392,3,4,2,1,2
1393,3,4,2,1,2
1394,1,3,1,5,3
1395,3,4,2,1,2
1396,3,4,2,2,2
1397,3,4,2,1,2
1398,1,3,4,3,6
1399,3,4,2,1,2
1400,3,4,2,1,2
1401,3,4,2,1,2
1404,3,4,2,2,2
1405,1,3,1,5,3
1406,3,4,2,1,2
1407,2,3,1,4,1
1408,1,1,4,3,7
1409,1,3,1,5,6
1410,3,4,2,1,2
1411,3,4,2,1,2
1412,3,4,2,1,2
1413,3,4,2,1,2
1414,1,3,1,5,3
1415,3,4,2,2,2
1416,3,4,2,1,2
1417,3,4,2,1,2
1419,3,4,2,1,2
1420,1,3,1,3,4
1421,1,3,1,3,4
1422,2,3,1,4,1
1423,3,4,2,1,2
1424,1,1,1,3,7
1425,1,3,1,5,3
1426,1,2,5,3,1
1427,2,3,1,4,1
1428,3,4,2,1,2
1429,1,1,1,3,7
1430,2,3,1,4,1
1431,1,3,1,5,3
1432,1,1,1,3,7
1433,1,3,1,5,3
1434,1,1,1,3,7
1436,1,3,1,5,3
1437,3,4,2,1,2
1438,2,1,1,4,7
1439,1,3,1,5,3
1440,1,3,1,5,3
1441,1,3,1,5,6
1442,3,4,2,1,2
1443,1,3,1,3,4
1444,1,3,1,5,3
1445,1,3,4,5,3
1446,1,3,1,5,3
1447,1,3,1,2,1
1448,1,3,1,3,4
1449,1,3,1,5,3
1450,1,3,4,3,1
1453,1,3,1,5,6
1454,1,3,1,5,3
1455,1,3,1,5,6
1456,1,3,1,5,3
1457,1,3,1,5,6
1458,1,3,1,3,6
1459,2,3,1,4,1
1460,1,3,5,5,3
1461,1,3,1,5,3
1462,1,3,1,3,4
1463,1,3,1,5,6
1464,1,3,1,3,1
1465,3,4,2,1,2
1466,3,4,2,2,2
1467,3,4,2,1,2
1468,1,3,1,5,6
1470,1,3,1,3,4
1471,3,4,2,1,2
1472,2,1,1,2,1
1473,3,4,2,2,2
1474,1,3,5,5,3
1475,1,3,1,3,6
1476,3,4,2,1,2
1477,1,3,1,3,6
1479,2,1,1,4,7
1480,2,1,2,4,7
1482,3,4,2,1,2
1483,2,4,2,4,2
1484,1,3,1,3,1
1485,1,3,1,5,3
1486,3,4,2,1,2
1487,3,4,2,1,2
1488,2,1,4,4,7
1489,1,2,5,3,1
1490,1,3,1,5,3
1493,1,3,1,3,6
1494,1,3,1,5,3
1495,1,2,5,3,7
1496,3,4,2,1,2
1497,1,1,1,3,7
1498,3,4,2,1,2
1499,2,1,1,4,7
1500,1,3,1,5,3
1501,1,3,1,2,1
1502,1,3,1,3,6
1503,1,3,1,5,3
1504,3,4,2,1,2
1507,3,4,4,1,2
1508,3,4,2,1,2
1509,3,4,2,1,2
1510,3,4,2,1,2
1511,1,3,1,5,3
1513,1,3,1,5,3
1514,1,3,1,3,6
1515,2,4,2,4,2
1516,1,3,1,5,3
1517,1,3,1,5,3
1518,2,1,1,4,7
1519,3,4,2,1,2
1520,1,3,1,3,6
1522,3,4,2,1,2
1523,1,1,1,2,7
1524,3,4,2,1,2
1525,1,2,5,3,7
1526,1,3,1,5,3
1527,1,1,1,3,7
1528,1,3,1,5,3
1529,3,4,2,1,2
1531,3,4,2,1,2
1532,1,3,1,5,3
1533,3,4,2,1,2
1534,3,4,2,1,2
1535,3,4,2,1,2
1537,1,3,1,5,3
1538,1,2,5,3,1
1539,1,3,1,5,3
1541,1,3,1,5,6
1542,3,4,2,1,6
1543,3,4,2,1,2
1544,2,1,1,4,7
1545,3,4,2,1,2
1546,1,3,1,5,3
1547,3,4,2,1,2
1548,3,4,2,1,2
1549,3,4,2,1,2
1550,1,3,1,5,6
1551,3,2,5,1,2
1552,2,1,1,4,7
1553,1,3,1,5,3
1554,3,4,2,1,2
1555,3,4,2,1,2
1556,2,1,1,4,7
1557,3,4,2,1,2
1558,1,3,1,5,3
1559,3,4,2,1,2
1561,1,3,1,5,3
1562,1,1,1,2,7
1563,3,4,2,1,2
1564,1,3,1,5,6
1565,2,3,1,5,3
1566,1,2,5,5,3
1567,3,4,2,1,2
1568,3,4,2,2,2
1569,1,3,1,5,6
1570,1,3,1,3,1
1571,1,3,1,5,6
1572,3,4,2,1,2
1573,2,1,1,4,7
1574,1,3,1,3,6
1575,3,4,2,1,2
1577,3,4,2,1,2
1578,1,3,1,2,1
1579,3,4,2,1,2
1580,1,1,1,5,7
1581,1,3,1,5,3
1582,1,2,5,3,1
1583,1,2,5,3,1
1584,3,4,2,1,2
1585,1,3,1,5,3
1586,3,4,4,1,2
1587,1,1,1,3,7
1588,1,3,5,5,3
1589,3,4,2,2,2
1590,2,1,1,4,7
1591,2,1,1,4,7
1592,1,3,5,5,3
1593,1,3,1,5,6
1594,3,4,2,1,2
1595,3,2,5,1,2
1596,3,4,2,1,2
1597,2,1,1,4,7
1598,2,4,2,2,2
1599,1,1,1,3,7
1600,3,4,2,1,2
1601,3,4,2,2,2
1602,1,3,1,5,3
1603,2,1,1,4,1
1604,1,3,1,5,3
1605,1,2,1,3,6
1606,1,1,1,3,7
1608,2,1,1,4,7
1609,3,4,2,1,2
1610,2,1,1,4,7
1611,3,4,2,1,2
1612,1,3,1,5,3
1613,3,4,2,1,2
1614,1,3,1,5,3
1615,2,1,1,4,1
1616,2,1,4,4,7
1617,2,1,1,2,1
1619,3,4,4,1,2
1620,2,4,2,2,2
1621,3,4,2,1,2
1622,3,4,2,1,2
1623,1,3,1,3,1
1624,3,4,2,1,2
1625,2,3,1,4,1
1626,2,1,2,4,7
1627,1,1,1,2,7
1628,3,4,2,1,2
1629,1,3,1,5,6
1630,3,4,2,1,2
1631,2,3,1,4,1
1632,1,3,1,5,6
1633,3,4,2,1,2
1635,3,4,2,1,2
1636,2,1,1,4,7
1639,3,4,2,1,2
1640,1,3,1,5,3
1641,1,3,1,5,3
1642,3,4,2,1,2
1643,3,4,2,1,2
1644,2,3,1,4,1
1645,2,3,1,2,1
1646,1,3,1,5,3
1647,2,1,1,2,1
1648,2,4,2,4,2
1649,1,3,1,3,4
1650,3,4,2,1,2
1651,3,4,2,1,2
1652,1,3,1,3,4
1653,2,4,2,4,2
1654,3,4,2,1,2
1655,1,3,1,3,1
1656,1,3,1,3,6
1657,1,3,1,3,4
1658,2,3,1,4,6
1659,3,4,2,1,2
1660,3,4,2,1,2
1661,2,3,1,4,1
1662,1,3,1,2,1
1663,1,3,1,5,3
1664,3,4,2,1,2
1665,1,3,1,5,3
1666,1,3,1,3,6
1667,3,4,2,1,2
1668,3,4,2,1,2
1669,1,3,1,3,6
1670,3,4,4,1,2
1671,1,3,1,2,1
1672,3,4,2,1,2
1673,3,4,2,1,2
1674,2,4,2,4,2
1675,2,1,1,2,1
1676,1,1,4,3,7
1677,1,3,1,5,3
1678,3,4,2,1,2
1679,1,3,1,5,3
1680,3,4,2,1,2
1681,1,1,1,3,7
1682,3,4,2,1,2
1683,2,4,2,4,2
1684,1,3,1,3,6
1685,1,3,1,3,6
1686,2,1,1,2,1
1687,2,1,1,4,7
1688,1,2,5,3,1
1689,1,3,1,5,3
1690,1,1,1,3,7
1692,1,3,1,3,1
1693,3,4,2,1,2
1694,3,4,2,1,2
1695,3,4,2,1,2
1696,3,4,4,1,2
1697,1,3,1,2,1
1698,1,3,1,5,3
1699,3,4,2,1,2
1701,3,4,2,1,2
1702,1,2,5,5,3
1703,1,3,1,5,3
1704,3,4,2,1,2
1705,3,4,2,1,2
1706,3,4,2,1,2
1707,1,3,5,5,3
1708,3,4,2,1,2
1709,2,3,1,4,1
1710,3,4,2,1,2
1711,3,4,2,2,2
1713,1,3,5,5,3
1714,1,3,1,3,6
1715,2,3,1,4,1
1716,3,4,2,1,2
1717,2,3,1,4,1
1718,2,3,1,4,1
1719,3,4,2,1,2
1720,1,1,1,3,7
1721,3,4,2,1,2
1722,2,1,1,4,7
1723,3,4,2,1,2
1724,3,4,2,1,2
1725,3,4,2,1,2
1726,3,4,2,1,2
1727,3,4,2,1,2
1728,3,4,2,1,2
1729,3,4,2,2,2
1730,3,4,2,1,2
1731,1,3,1,5,3
1732,2,3,1,2,3
1733,3,4,2,1,2
1734,3,4,2,1,2
1735,3,4,2,1,2
1738,1,3,1,5,3
1739,1,1,5,3,7
1740,3,4,2,1,2
1741,3,4,2,1,2
1742,1,3,1,2,1
1743,1,3,1,3,4
1744,2,1,1,4,7
1746,1,3,1,5,3
1747,3,4,2,1,2
1748,2,1,1,4,1
1749,1,3,1,3,6
1750,1,2,5,3,1
1752,2,1,1,4,7
1753,1,3,1,5,3
1754,2,1,1,4,7
1755,1,3,1,3,6
1756,1,3,1,3,1
1757,3,4,2,1,2
1758,3,4,2,1,2
1759,3,4,2,1,2
1760,1,3,1,5,3
1762,1,1,1,3,7
1764,2,3,1,5,3
1765,3,4,2,2,2
1767,3,4,2,1,2
1768,3,4,2,1,2
1769,2,1,1,4,7
1770,2,3,1,4,6
1771,1,3,1,3,1
1772,1,3,1,5,3
1773,3,4,2,1,2
1774,3,4,2,1,2
1776,3,4,2,1,2
1777,1,3,1,5,6
1779,2,1,1,4,1
1780,1,3,1,3,4
1781,3,4,2,1,2
1782,1,3,1,5,6
1783,2,3,1,4,1
1784,3,4,2,1,2
1785,1,1,1,2,7
1787,1,3,1,3,4
1788,3,4,2,1,2
1789,3,4,2,1,2
1791,3,4,2,2,2
1792,2,1,1,4,7
1793,1,3,1,5,3
1794,3,4,2,1,2
1795,3,4,2,1,2
1796,3,4,2,1,2
1797,1,3,1,3,4
1798,2,3,1,4,1
1799,3,4,2,2,2
1801,3,4,2,1,2
1804,3,4,2,2,2
1805,2,4,2,2,2
1806,1,2,5,5,3
1807,3,4,2,1,2
1809,3,4,2,2,2
1810,3,4,2,1,2
1811,3,4,2,1,2
1812,3,4,5,1,2
1814,3,4,2,1,2
1815,3,4,2,1,2
1816,3,4,2,1,2
1817,3,4,2,1,6
1819,3,4,2,1,2
1820,3,4,2,1,2
1821,1,3,1,5,6
1822,1,3,5,5,3
1824,2,3,1,5,3
1825,3,4,2,1,2
1826,1,2,5,3,1
1827,1,3,1,5,4
1829,3,4,2,1,2
1830,1,3,1,5,3
1831,2,1,1,4,7
1832,3,4,2,1,2
1833,2,1,2,4,7
1834,2,4,2,4,2
1835,1,3,1,3,6
1836,3,4,2,1,2
1837,1,3,1,5,3
1839,1,3,1,5,3
1840,3,4,2,1,2
1841,2,4,2,4,2
1842,3,4,2,2,2
1843,1,3,5,5,3
1844,3,4,2,1,2
1845,2,3,1,5,3
1846,3,4,2,1,2
1847,2,4,2,4,2
1848,1,2,5,5,3
1849,1,2,1,3,1
1850,3,4,2,1,2
1851,3,4,2,1,2
1852,2,4,2,4,2
1853,1,3,1,5,3
1854,1,3,1,5,6
1855,1,3,1,5,3
1856,1,3,1,3,4
1857,1,3,1,5,3
1858,1,3,1,5,3
1859,3,4,2,1,2
1860,3,4,2,1,2
1861,2,3,1,5,3
1862,1,3,1,3,1
1863,1,3,1,5,3
1864,1,3,1,5,3
1865,1,3,1,3,4
1866,1,3,1,5,3
1867,1,1,1,3,7
1868,3,4,4,1,2
1869,2,1,1,4,7
1870,3,4,2,1,2
1871,3,4,2,1,2
1872,3,4,2,1,2
1873,3,4,2,1,2
1874,1,3,1,5,6
1875,1,3,1,5,3
1876,2,1,2,4,7
1877,3,4,2,1,2
1878,1,3,1,5,6
1879,3,4,2,1,2
1880,3,4,2,1,2
1881,1,2,5,3,1
1882,1,1,1,3,7
1883,1,3,1,5,3
1884,3,4,2,1,2
1885,3,4,2,1,2
1886,1,3,1,5,3
1887,1,3,1,5,3
1888,3,4,2,1,6
1889,2,3,1,4,1
1890,3,4,2,1,2
1891,2,3,1,4,1
1892,2,3,1,4,1
1893,3,4,2,1,2
1894,1,3,1,5,6
1895,3,4,2,1,6
1896,1,3,1,5,3
1897,3,4,2,1,2
1898,3,4,4,1,2
1899,3,4,2,1,2
1900,3,4,2,1,2
1901,1,3,1,3,4
1902,3,4,2,1,2
1903,1,3,1,5,3
1904,3,4,2,1,2
1905,3,4,2,1,2
1906,1,3,1,5,6
1907,1,2,5,3,1
1908,2,4,2,4,2
1909,2,1,1,4,1
1910,1,1,1,2,3
1911,1,3,1,5,3
1912,1,1,1,2,7
1913,3,4,2,1,2
1914,3,4,2,1,2
1915,3,4,2,1,2
1916,3,4,2,1,2
1917,2,1,1,4,7
1918,3,4,2,2,2
1919,1,3,5,5,3
1920,1,2,5,3,1
1921,2,1,1,4,1
1922,3,4,2,1,2
1923,1,3,1,5,3
1924,1,3,1,3,1
1925,3,4,4,1,2
1926,1,3,1,3,1
1927,1,3,4,3,1
1928,1,3,1,3,1
1929,3,4,2,1,2
1930,3,4,2,1,2
1931,1,2,1,3,1
1932,1,3,1,3,1
1933,3,4,2,1,2
1934,1,3,1,5,3
1935,3,4,2,1,2
1936,3,4,4,1,2
1937,1,3,1,5,3
1938,3,4,2,1,2
1939,3,4,4,1,2
1940,3,4,2,1,2
1941,3,4,2,1,2
1942,3,4,2,1,2
1943,3,4,2,1,2
1944,3,4,4,1,2
1945,3,4,2,2,2
1946,3,4,2,1,2
1947,1,3,1,3,6
1948,1,3,1,5,3
1949,3,4,2,1,2
1950,3,4,2,1,2
1951,1,3,1,3,1
1952,3,4,2,1,2
1953,2,1,2,2,7
1954,3,4,2,1,2
1955,3,4,2,1,2
1956,3,4,2,1,2
1957,3,4,2,1,2
1958,3,4,2,1,2
1959,3,4,2,1,2
1960,3,4,4,1,2
1961,3,4,2,1,2
1962,3,4,2,1,2
1963,1,3,1,5,3
1964,3,4,2,1,2
1965,1,3,1,5,3
1966,1,3,1,5,3
1967,1,2,5,3,1
1968,3,4,2,1,2
1969,1,3,1,3,1
1970,1,3,1,3,1
1971,1,3,1,3,1
1972,1,3,1,3,1
1973,1,3,1,3,1
1974,1,3,1,3,1
1975,1,3,1,3,1
1976,1,3,1,3,1
1977,1,3,1,3,1
1978,1,3,1,3,1
1979,1,3,1,3,1
1980,1,3,1,3,1
1981,1,3,1,3,1
1982,1,3,1,3,1
1983,1,3,1,3,1
1984,1,3,1,3,1
1985,1,3,1,3,1
1986,1,3,1,3,1
1987,1,3,1,3,1
1988,1,3,1,3,1
1989,1,3,1,3,1
1990,1,3,1,3,1
1991,1,3,1,3,1
1992,1,3,1,3,1
1993,1,3,1,3,1
1994,2,3,1,4,1
1995,2,3,1,4,1
1996,2,3,1,4,1
1997,1,3,1,3,1
1998,1,3,1,3,1
1999,1,3,1,3,1
2000,3,4,2,2,2
2001,3,4,2,2,2
2002,3,4,2,2,2
2003,1,3,1,5,3
2004,1,3,1,5,3
2005,1,2,5,3,1
2006,1,1,1,3,7
2007,1,3,1,5,3
2008,3,4,2,2,2
2009,2,1,1,4,1
2010,1,3,1,3,1
2011,1,3,1,5,3
2012,1,3,1,5,3
2013,1,1,1,3,7
2014,1,3,5,5,3
2015,1,2,5,5,3
2016,1,3,5,5,3
2017,1,2,5,3,1
2018,1,2,5,3,1
2019,3,4,2,1,2
2020,3,4,2,1,2
2021,1,3,1,3,1
2022,3,4,2,1,2
2023,3,4,2,2,2
2024,3,4,2,1,2
2025,3,4,2,1,2
2026,2,3,1,4,1
2027,1,3,1,5,3
2028,3,4,4,1,2
2029,1,3,1,5,6
2030,3,4,2,1,2
2031,1,3,5,5,3
2032,1,3,5,5,3
2033,1,2,5,3,1
2034,1,3,1,3,1
2035,1,3,5,5,3
2036,1,3,5,5,3
2037,1,2,5,5,3
2038,1,2,5,5,3
2039,1,2,5,3,1
2040,1,3,5,5,3
2041,1,2,5,5,7
2042,1,3,5,5,3
2043,1,2,5,3,1
2044,1,3,1,5,3
2045,3,2,5,1,2
2046,1,2,5,3,1
2047,1,2,5,3,1
2048,1,2,5,3,1
2049,1,3,1,5,3
2050,1,2,5,5,3
2051,1,2,5,5,3
2052,1,3,5,5,3
2053,1,2,5,5,3
2054,1,2,5,5,3
2055,1,3,1,5,3
2056,1,2,5,3,1
2057,1,2,5,3,1
2058,2,1,1,4,7
2059,3,4,2,1,2
2060,1,3,1,5,3
2061,1,3,1,3,4
2062,3,4,2,1,2
2063,3,4,2,1,2
2064,1,3,1,5,4
2065,3,4,2,1,6
2066,1,3,1,3,1
2067,3,4,4,1,2
2068,3,4,2,1,2
2069,3,4,2,1,2
2070,3,4,2,1,2
2071,3,4,2,1,2
2072,1,3,1,5,3
2073,1,3,1,5,3
2074,3,4,2,1,2
2075,3,4,4,1,2
2076,3,4,2,1,2
2077,1,2,5,3,1
2078,1,2,5,5,3
2079,3,4,2,1,2
2080,1,2,5,5,6
2081,1,2,5,5,6
2082,1,3,5,5,3
2083,1,2,5,3,1
2084,1,2,5,3,1
2085,1,2,5,3,1
2086,3,4,2,1,2
2087,1,2,5,3,1
2088,1,3,1,5,3
2089,1,2,5,3,1
2090,1,2,5,3,1
2091,1,2,5,3,1
2092,1,2,5,3,1
2093,1,2,5,3,1
2094,1,1,1,3,7
2095,1,3,5,5,3
2096,1,2,5,3,1
2097,1,2,5,3,1
2098,1,3,5,5,3
2099,1,2,5,3,1
2100,1,3,1,5,6
2101,3,4,2,1,2
2102,1,2,5,5,3
2103,1,2,5,3,1
2104,3,4,2,1,2
2105,1,1,1,3,7
2106,3,4,4,1,2
2107,2,3,1,4,1
2108,1,3,1,5,6
2109,1,3,1,5,3
2110,2,3,1,2,3
2111,1,3,1,5,3
2112,3,4,2,2,2
2113,2,3,1,4,1
2114,3,4,2,1,2
2115,1,1,1,3,7
2116,1,2,5,3,1
2117,3,4,2,1,2
2118,2,3,1,4,1
2119,1,3,1,3,1
2120,3,4,2,1,2
2121,2,3,1,4,1
2122,2,3,1,4,1
2123,1,2,5,3,1
2124,1,3,1,5,3
2125,3,4,2,1,2
2126,2,1,1,2,7
2127,3,4,2,1,2
2128,1,3,1,5,3
2129,1,3,1,3,4
2130,3,4,2,2,2
2131,3,4,2,1,2
2132,3,4,2,1,2
2133,1,3,1,5,3
2134,1,3,1,5,3
2135,1,2,1,3,1
2136,1,3,1,5,3
2137,1,2,5,3,1
2138,3,2,5,1,2
2139,1,2,5,3,1
2140,1,2,5,3,1
2141,1,2,5,5,3
2142,1,2,5,5,3
2143,1,2,1,3,6
2144,1,3,1,5,3
2145,3,4,2,1,6
2146,3,4,2,1,2
2147,3,4,2,1,2
2148,1,3,1,5,3
2149,1,3,1,5,3
2150,1,3,1,5,3
2151,1,3,1,5,3
2152,1,3,5,5,3
2153,1,1,1,3,7
2154,3,4,2,1,2
2155,1,3,1,5,3
2156,3,4,2,1,2
2157,1,3,1,3,6
2158,1,3,1,2,1
2159,1,3,1,2,1
2160,2,3,1,4,1
2161,1,2,5,3,1
2162,1,2,5,3,1
2163,1,3,1,5,3
2164,3,4,2,1,2
2165,3,4,2,1,2
2166,3,4,2,1,2
2167,1,1,1,3,7
2168,3,4,2,1,2
2169,1,3,1,5,3
2170,1,3,1,5,3
2171,3,4,2,1,6
2172,1,3,1,5,3
2173,1,2,1,3,1
2174,1,3,1,5,3
2175,3,4,2,1,2
2176,2,3,1,4,1
2177,2,3,1,5,3
2178,2,3,1,4,1
2179,2,3,1,4,1
2180,2,3,1,4,1
2181,2,3,1,4,1
2182,2,4,2,4,2
2183,2,3,1,4,1
2184,2,3,1,4,1
2185,2,3,1,4,1
2186,2,3,1,4,1
2187,2,3,1,4,1
2188,3,4,2,1,2
2189,1,2,1,3,1
2190,3,4,2,1,2
2191,1,3,1,5,3
2192,3,4,2,1,2
2193,1,1,1,3,7
2194,3,4,2,2,2
2195,1,3,1,5,3
2196,1,1,1,3,7
2197,3,4,2,1,2
2198,1,3,1,3,4
2199,3,4,2,2,2
2200,3,4,2,1,2
2201,3,4,2,1,2
2202,2,4,4,4,2
2203,2,3,1,4,1
2204,2,3,1,4,1
2205,1,3,1,5,3
2206,2,3,1,4,1
2207,3,4,2,1,2
2208,2,3,1,5,6
2209,2,1,1,2,1
2210,2,3,1,4,1
2211,2,3,1,4,1
2212,2,3,1,4,1
2213,1,3,1,5,3
2214,2,3,1,4,1
2215,1,3,1,5,6
2216,3,4,2,1,2
2217,1,3,1,5,3
2218,3,4,2,1,2
2219,2,3,1,4,1
2220,3,4,2,1,2
2221,2,3,1,4,1
2222,1,3,1,5,3
2223,1,3,1,5,3
2224,3,4,2,1,2
2225,3,4,2,1,2
2226,3,4,2,1,2
2227,2,3,1,4,1
2228,3,4,2,1,2
2229,3,4,2,1,2
2230,1,3,1,5,3
2231,3,4,2,2,2
2232,2,1,1,4,1
2233,3,4,2,1,2
2234,3,4,2,1,2
2235,3,4,4,1,2
2236,3,4,2,1,2
2237,3,4,2,1,2
2238,3,4,2,1,2
2239,3,4,2,1,2
2240,3,4,2,1,2
2241,1,3,1,5,3
2242,3,4,2,1,2
2243,3,4,2,1,6
2244,1,3,1,5,6
2245,3,4,2,1,2
2246,1,3,1,5,3
2247,1,3,1,5,3
2248,3,4,2,1,6
2249,1,3,1,5,3
2250,3,4,2,1,2
2251,1,3,1,5,3
2252,3,4,2,1,2
2253,1,3,1,5,3
2254,3,4,2,1,2
2255,1,3,1,5,3
2256,1,3,1,3,1
2257,1,3,1,5,6
2258,1,1,1,3,7
2259,1,3,1,5,6
2260,1,1,1,2,7
2261,1,3,1,5,3
2262,3,4,2,1,6
2263,2,3,1,4,1
2264,3,4,2,1,2
2265,1,3,1,5,3
2266,1,3,1,5,6
2267,2,3,1,4,1
2268,3,4,2,2,2
2269,3,4,2,1,2
2270,1,3,1,3,4
2271,3,4,2,1,2
2272,3,4,2,1,2
2273,2,1,1,4,7
2274,3,4,2,1,2
2275,1,1,1,3,7
2276,3,4,2,1,2
2277,3,4,2,1,2
2278,2,1,1,2,7
2279,2,3,1,4,1
2280,1,3,1,2,1
2281,1,3,1,2,1
2282,3,4,2,1,2
2283,3,4,2,1,2
2284,3,4,2,1,2
2285,3,4,2,1,2
2286,1,3,1,5,3
2287,2,1,4,4,1
2288,2,1,1,4,7
2289,3,4,2,1,2
2290,3,4,2,1,2
2291,3,4,2,1,2
2292,1,3,1,3,6
2293,3,4,2,1,2
2294,1,2,5,3,1
2295,1,3,1,5,3
2296,1,3,1,5,3
2297,3,4,2,1,2
2298,2,3,1,4,1
2299,1,3,1,5,3
2300,1,3,1,5,3
2301,1,3,1,5,3
2302,1,3,1,5,3
2303,3,4,2,1,2
2304,3,4,2,1,2
2305,3,4,2,1,2
2306,1,3,1,5,3
2307,3,4,2,1,2
2308,1,1,1,2,7
2309,3,4,2,1,2
2310,3,4,2,1,2
2311,1,3,1,3,1
2312,3,4,2,1,2
2313,3,4,2,1,2
2314,3,4,2,1,2
2315,2,3,1,4,1
2316,3,4,2,1,2
2317,1,3,1,5,3
2318,1,3,1,5,3
2319,1,3,1,5,3
2320,2,4,2,4,2
2321,1,3,1,5,3
2322,2,1,4,4,7
2323,1,3,1,3,4
2324,3,4,2,1,2
2325,1,3,1,5,3
2326,2,4,2,4,2
2327,1,3,1,3,1
2328,1,3,1,3,1
2329,3,4,2,1,2
2330,1,3,1,3,4
2331,1,3,1,5,6
2332,3,4,2,2,2
2333,3,4,2,1,2
2334,2,1,1,4,7
2335,1,3,1,5,3
2336,3,4,2,1,2
2337,3,4,2,1,2
2338,2,3,1,4,1
2339,1,3,1,5,6
2340,1,3,1,3,6
2341,3,4,2,1,2
2342,1,3,1,5,3
2343,3,4,2,1,2
2344,2,1,2,4,7
2345,3,4,2,1,2
2346,2,1,1,4,1
2347,1,1,1,3,7
2348,3,4,2,1,2
2349,2,3,1,5,3
2350,1,3,1,5,3
2351,3,4,2,1,2
2352,3,4,2,1,2
2353,2,1,1,4,7
2354,1,2,5,5,3
2355,1,2,5,5,3
2356,1,3,1,5,3
2357,3,4,2,1,2
2358,3,4,2,1,2
2359,1,3,1,5,3
2360,3,4,2,1,2
2361,1,3,1,5,3
2362,3,4,2,1,2
2363,1,1,1,3,7
2364,1,1,1,3,7
2365,1,1,1,3,7
2366,1,1,1,3,7
2367,1,1,1,3,7
2368,1,1,1,3,7
2369,1,3,1,5,6
2370,3,1,2,1,7
2371,1,3,1,5,3
2372,1,3,1,5,3
2373,1,1,1,3,7
2374,3,4,2,1,2
2375,1,3,1,5,3
2376,1,1,1,3,7
2377,1,3,1,3,1
2378,1,3,1,5,3
2379,1,3,1,5,3
2380,1,3,1,5,3
2381,1,3,1,5,3
2382,1,3,1,5,3
2383,1,3,1,5,3
2384,1,3,5,5,3
2385,1,3,1,5,6
2386,3,4,2,1,2
2387,1,3,1,5,3
2388,3,4,2,1,2
2389,2,3,1,2,1
2390,1,3,1,5,3
2391,2,1,1,2,1
2392,3,4,2,1,2
2393,1,1,1,3,7
2394,1,2,1,3,1
2395,1,3,1,5,3
2396,1,3,1,5,6
2397,3,4,2,1,2
2398,3,4,2,1,2
2399,1,2,5,3,1
2400,3,4,2,1,2
2401,1,3,1,3,1
2402,1,1,4,3,7
2403,1,1,1,3,7
2404,1,1,4,3,7
2405,1,1,1,5,6
2406,1,1,1,5,6
2407,1,3,1,5,3
2408,1,3,1,5,3
2409,3,4,2,1,2
2410,3,4,2,1,2
2411,3,4,2,1,2
2412,3,4,2,1,2
2413,1,3,1,5,3
2414,1,1,1,3,7
2415,3,4,2,1,2
2416,1,3,1,5,3
2417,3,4,2,1,2
2418,1,3,1,5,3
2419,2,4,2,4,2
2420,3,4,2,1,2
2421,3,1,2,1,7
2422,3,1,2,1,7
2423,1,3,1,5,3
2424,1,3,1,5,6
2425,1,3,1,2,1
2426,3,4,2,1,6
2427,3,4,4,1,2
2428,1,3,1,3,1
2429,3,2,5,1,2
2430,3,2,5,1,2
2431,3,4,2,1,2
2432,3,4,2,1,2
2433,3,4,2,1,2
2434,3,4,2,1,2
2435,3,4,2,1,2
2436,1,3,1,5,3
2437,3,4,2,1,2
2438,2,4,2,4,2
2439,3,4,2,1,2
2440,3,4,2,1,2
2441,3,4,2,1,2
2442,3,4,2,1,2
2443,3,4,2,1,2
2444,3,4,2,1,2
2445,3,4,2,1,2
2446,2,3,1,4,1
2447,3,4,2,1,2
2448,1,3,1,3,1
2449,1,2,5,3,1
2450,1,2,5,3,1
2451,1,3,1,3,1
2452,1,3,1,3,1
2453,3,4,2,1,2
2454,1,3,1,3,1
2455,1,3,1,3,1
2456,1,3,1,3,1
2457,1,3,1,5,3
2458,1,3,1,5,3
2459,1,3,1,3,1
2460,1,3,1,3,1
2461,1,3,1,3,1
2462,1,3,1,3,1
2463,1,3,1,5,3
2464,1,3,1,3,1
2465,1,3,1,3,1
2466,3,4,2,1,2
2467,1,3,1,3,1
2468,2,1,1,4,6
2469,1,3,1,5,6
2470,1,3,1,5,3
2471,1,3,1,5,3
2472,1,3,1,5,3
2473,1,3,1,5,3
2474,3,4,2,1,2
2475,2,1,1,4,7
2476,1,1,4,3,7
2477,1,2,1,3,1
2478,1,3,1,5,3
2479,2,4,2,4,2
2480,3,4,2,1,2
2481,3,4,2,1,2
2482,1,3,1,5,6
2483,2,3,1,4,3
2484,1,3,1,5,3
2485,1,3,1,5,6
2486,3,4,2,1,2
2487,1,3,1,5,3
2488,2,4,2,4,2
2489,3,4,2,1,2
2490,2,1,1,4,7
2491,1,3,1,5,6
2492,1,3,1,5,3
2493,3,4,2,1,2
2494,1,3,1,3,4
2495,1,2,1,3,1
2496,1,3,1,5,6
2497,1,3,1,3,6
2498,1,3,1,5,3
2499,1,3,1,5,3
2500,1,3,1,5,3
2501,3,4,2,1,2
2502,1,3,1,5,6
2503,3,4,2,1,2
2504,3,4,2,1,2
2505,2,3,1,4,1
2506,3,4,2,1,6
2507,1,3,1,5,3
2508,3,4,2,1,2
2509,1,3,1,5,3
2510,1,3,1,5,6
2511,1,3,1,2,1
2512,3,4,2,1,2
2513,1,3,1,3,1
2514,1,3,1,3,1
2515,1,3,1,3,1
2516,1,3,1,3,1
2517,1,3,1,3,1
2518,1,3,1,5,3
2519,1,3,1,3,1
2520,3,4,2,1,2
2521,3,4,2,1,2
2522,3,4,2,1,2
2523,2,4,2,4,2
2524,3,4,2,1,2
2525,1,1,1,3,7
2526,1,3,1,3,1
2527,2,1,1,4,7
2528,1,1,1,3,7
2529,1,1,1,3,7
2530,1,1,1,3,7
2531,1,1,1,3,7
2532,1,1,1,3,7
2533,1,1,1,3,7
2534,1,1,1,3,7
2535,1,1,1,3,7
2536,3,4,2,1,2
2537,1,2,1,3,1
2538,1,3,1,3,4
2539,1,3,1,5,3
2540,2,1,2,2,7
2541,3,4,2,1,2
2542,2,3,1,2,3
2543,1,3,1,5,3
2544,3,4,2,1,2
2545,1,3,1,5,3
2546,3,4,2,1,2
2547,3,4,2,1,2
2548,1,3,1,3,1
2549,1,1,1,3,7
2550,2,3,1,4,1
2551,2,4,2,4,2
2552,1,3,1,5,3
2553,2,1,1,4,1
2554,2,1,1,4,1
2555,1,3,1,5,3
2556,3,4,2,1,6
2557,3,4,2,1,2
2558,1,3,1,5,6
2559,1,2,5,3,1
2560,3,4,2,1,2
2561,2,1,1,2,1
2562,3,4,2,1,2
2563,3,4,2,1,2
2564,3,4,2,1,2
2565,1,3,1,3,1
2566,1,2,5,3,1
2567,1,3,1,5,3
2568,1,1,1,2,7
2569,3,4,2,1,2
2570,3,4,2,1,2
2571,2,1,1,4,7
2572,1,3,1,5,6
2573,3,4,2,1,2
2574,1,3,1,5,3
2575,3,4,2,1,2
2576,3,4,2,1,2
2577,3,4,2,1,2
2578,1,3,1,3,1
2579,3,4,2,1,2
2580,1,3,1,2,1
2581,1,3,1,5,6
2582,1,3,1,5,3
2583,1,3,1,3,1
2584,1,3,1,5,3
2585,3,4,2,1,2
2586,2,3,1,2,3
2587,1,3,1,5,3
2588,3,4,2,1,2
2589,3,4,2,1,6
2590,3,4,2,1,2
2591,1,3,1,5,6
2592,3,4,2,1,2
2593,1,3,1,5,3
2594,3,4,2,1,2
2595,1,3,1,3,4
2596,3,4,2,1,2
2597,1,3,1,5,6
2598,1,3,1,5,3
2599,1,3,1,5,3
2600,2,1,1,4,7
2601,1,3,1,5,3
2602,1,2,1,3,1
2603,3,4,2,1,2
2604,1,3,1,3,4
2605,2,1,1,2,1
2606,1,3,1,5,3
2607,3,4,2,1,2
2608,2,3,1,4,1
2609,3,4,2,1,2
2610,3,4,2,1,2
2611,3,4,2,1,2
2612,3,4,2,1,2
2613,1,1,1,3,7
2614,1,1,1,3,7
2615,1,2,1,3,1
2616,1,1,1,2,7
2617,2,1,1,4,7
2618,1,3,1,5,3
2619,3,4,2,1,2
2620,3,4,2,1,2
2621,3,4,2,1,2
2622,1,3,1,5,3
2623,1,3,1,5,3
2624,3,4,2,1,2
2625,1,1,1,3,7
2626,3,4,2,1,6
2627,3,4,2,1,4
2628,1,1,1,3,7
2629,1,3,1,5,6
2630,3,4,2,1,2
2631,2,3,1,5,3
2632,3,4,2,1,2
2633,1,3,1,3,6
2634,1,3,1,3,1
2635,1,3,1,3,1
2636,1,3,1,3,1
2637,1,3,1,3,1
2638,1,3,1,3,1
2639,3,4,2,1,2
2640,1,1,1,3,7
2641,1,1,1,3,7
2642,1,1,1,3,7
2643,1,1,1,3,7
2644,1,3,1,3,1
2645,1,3,1,3,1
2646,1,3,1,3,1
2647,1,3,1,3,1
2648,1,3,1,3,1
2649,1,3,1,3,1
2650,1,3,1,3,1
2651,1,3,1,3,1
2652,1,3,1,3,1
2653,1,3,1,3,1
2654,1,3,1,3,1
2655,1,3,1,3,1
2656,1,3,1,3,1
2657,1,3,1,5,3
2658,1,3,1,3,1
2659,1,3,1,5,4
2660,1,3,1,3,1
2661,1,3,1,3,1
2662,1,1,4,3,7
2663,1,3,1,3,1
2664,1,3,1,3,1
2665,1,3,1,3,1
2666,1,3,1,3,1
2667,1,3,1,3,1
2668,1,3,1,3,1
2669,1,3,4,3,1
2670,1,3,4,3,1
2671,1,3,1,5,6
2672,2,4,2,4,2
2673,3,4,2,1,2
2674,3,4,2,1,2
2675,3,4,2,1,6
2676,2,4,2,4,2
2677,1,3,1,3,4
2678,3,4,2,1,2
2679,3,4,2,1,2
2680,3,4,2,1,2
2681,1,3,1,5,6
2682,3,4,2,1,2
2683,1,3,1,5,3
2684,3,4,2,1,2
2685,3,4,2,1,2
2686,3,4,2,1,2
2687,1,2,5,3,1
2688,2,4,2,4,2
2689,1,3,1,3,4
2690,1,3,1,5,3
2691,3,4,2,1,2
2692,1,1,1,2,7
2693,1,3,1,3,4
2694,1,3,1,5,3
2695,3,4,2,1,2
2696,1,3,1,5,3
2697,3,4,2,1,6
2698,1,3,1,3,1
2699,2,1,1,4,7
2700,1,3,1,5,3
2701,1,1,1,3,7
2702,3,4,2,1,2
2703,3,4,2,1,2
2704,3,4,2,1,2
2705,3,4,2,1,2
2706,1,3,1,5,3
2707,2,3,1,4,1
2708,1,3,1,3,6
2709,1,3,5,5,3
2710,1,3,1,3,1
2711,3,4,2,1,2
2712,3,4,2,1,2
2713,2,3,1,4,1
2714,3,4,2,1,2
2715,1,3,1,5,6
2716,1,3,1,5,3
2717,1,3,1,5,3
2718,1,3,1,5,3
2719,2,3,1,4,1
2720,1,2,5,5,7
2721,1,3,1,3,6
2722,2,1,1,4,7
2723,1,1,1,5,7
2724,1,3,1,5,6
2725,3,4,2,1,2
2726,1,3,1,2,1
2727,1,3,1,3,1
2728,3,4,2,1,2
2729,3,4,2,1,2
2730,3,4,2,1,2
2731,3,4,2,1,2
2732,3,4,2,1,2
2733,1,3,1,5,3
2734,3,4,2,1,2
2735,1,1,1,5,7
2736,1,3,1,5,3
2737,1,1,1,3,7
2738,3,4,2,1,2
2739,3,4,2,1,2
2740,1,3,1,3,1
2741,2,1,1,4,7
2742,3,4,2,1,2
2743,3,4,2,1,2
2744,3,4,2,1,2
2745,3,4,2,1,2
2746,1,3,1,5,3
2747,1,3,1,5,3
2748,1,1,1,3,7
2749,3,4,2,1,2
2750,3,4,2,1,2
2751,1,3,1,5,3
2752,1,3,1,5,3
2753,2,3,1,4,1
2754,1,3,1,3,1
2755,3,4,2,1,2
2756,1,1,1,3,7
2757,3,4,2,1,2
2758,3,4,2,1,2
2759,1,3,1,5,3
2760,3,4,2,1,2
2761,1,2,5,3,1
2762,2,3,1,4,1
2763,2,1,1,4,7
2764,2,4,2,2,2
2765,3,4,2,1,2
2766,3,4,2,1,2
2767,1,3,1,5,3
2768,1,3,1,5,3
2769,1,3,1,2,1
2770,1,3,1,5,3
2771,3,4,2,1,2
2772,1,3,1,5,3
2773,3,4,2,1,2
2774,1,3,1,5,6
2775,3,4,2,1,2
2776,1,3,1,3,4
2777,3,4,2,1,2
2778,2,3,1,4,1
2779,1,3,1,5,3
2780,1,3,1,5,3
2781,1,3,1,3,1
2782,1,3,1,3,1
2783,1,3,1,3,1
2784,1,3,1,3,1
2785,1,3,1,3,1
2786,1,3,1,5,3
2787,1,3,1,3,1
2788,1,3,1,5,3
2789,1,3,1,3,1
2790,1,3,1,3,1
2791,1,3,1,5,3
2792,1,3,1,5,3
2793,1,3,1,5,3
2794,1,3,1,5,3
2795,1,3,1,5,3
2796,1,3,1,5,3
2797,1,3,1,5,3
2798,1,3,1,5,3
2799,1,3,1,5,3
2800,1,2,5,3,1
2801,3,4,2,1,2
2802,2,1,1,4,7
2803,2,3,1,4,1
2804,3,4,2,1,2
2805,1,3,1,5,6
2806,2,3,1,5,3
2807,1,1,1,3,7
2808,1,1,1,3,7
2809,1,3,1,5,3
2810,1,3,1,3,1
2811,1,3,1,5,3
2812,2,1,1,4,7
2813,1,3,1,3,4
2814,1,3,1,3,1
2815,1,1,4,3,7
2816,1,1,4,3,7
2817,1,1,4,3,7
2818,1,1,4,3,7
2819,2,3,1,4,1
2820,3,4,2,1,2
2821,3,4,2,1,2
2822,1,2,1,3,6
2823,3,4,2,1,2
2824,1,3,1,3,4
2825,3,4,2,1,2
2826,2,1,1,4,7
2827,2,1,1,4,1
2828,1,3,5,5,3
2829,3,4,2,1,2
2830,3,4,2,1,2
2831,3,4,2,1,2
2832,3,4,2,1,2
2833,1,3,4,3,6
2834,1,3,1,5,6
2835,2,1,1,4,7
2836,1,3,1,5,3
2837,1,3,1,5,6
2838,1,3,1,5,3
2839,3,4,2,1,2
2840,2,3,1,4,1
2841,2,3,1,4,1
2842,3,4,2,2,2
2843,1,3,1,5,6
2844,3,4,2,1,2
2845,3,4,2,1,2
2846,1,2,5,3,1
2847,3,4,2,1,2
2848,3,4,2,1,2
2849,3,4,2,1,2
2850,2,4,2,4,2
2851,2,1,1,4,1
2852,3,4,2,1,2
2853,1,3,1,3,1
2854,1,3,1,3,1
2855,1,3,1,3,1
2856,2,3,1,4,1
2857,1,2,1,3,1
2858,3,4,2,1,2
2859,1,3,1,3,4
2860,1,3,1,5,3
2861,3,4,2,1,2
2862,3,4,2,1,2
2863,1,3,1,5,3
2864,1,3,1,5,3
2865,1,3,1,5,3
2866,3,4,2,1,2
2867,1,3,1,5,3
2868,1,3,1,3,1
2869,3,4,2,1,2
2870,1,3,1,5,3
2871,2,1,1,4,1
2872,3,4,2,1,2
2873,3,4,2,1,2
2874,1,3,1,5,3
2875,3,4,2,1,2
2876,1,2,5,3,1
2877,3,4,2,1,2
2878,1,3,1,3,1
2879,1,1,1,5,7
2880,1,1,1,5,7
2881,2,1,1,4,7
2882,3,4,2,1,2
2883,1,3,1,5,3
2884,1,3,1,5,6
2885,3,4,2,1,2
2886,1,3,5,5,3
2887,3,4,2,1,2
2888,1,3,1,5,6
2889,1,3,1,5,3
2890,3,4,4,1,2
2891,1,3,1,5,3
2892,3,4,2,1,2
2893,3,4,2,1,2
2894,3,4,2,1,2
2895,1,2,1,3,1
2896,1,3,1,3,1
2897,1,3,4,5,3
2898,1,3,1,3,1
2899,1,2,5,3,1
2900,1,3,1,3,1
2901,1,3,1,3,1
2902,2,3,1,4,1
2903,2,3,1,4,1
2904,3,4,2,1,2
2905,1,1,1,3,7
2906,3,4,2,1,2
2907,1,3,1,5,3
2908,3,4,2,1,2
2909,1,3,1,3,4
2910,3,4,2,1,2
2911,3,4,2,1,2
2912,3,4,2,2,2
2913,1,3,1,5,3
2914,3,4,2,1,2
2915,1,3,1,5,3
2916,2,1,1,4,7
2917,2,1,1,2,1
2918,1,3,1,5,3
2919,3,4,2,1,2
2920,3,4,2,1,2
2921,1,3,1,3,1
2922,1,3,1,3,1
2923,1,3,1,5,3
2924,1,3,1,5,3
2925,3,4,2,1,2
2926,3,4,2,1,2
2927,3,4,2,1,2
2928,3,4,2,1,2
2929,3,4,2,1,2
2930,1,3,1,3,4
2931,3,4,2,1,2
2932,3,4,2,1,2
2933,3,4,2,1,2
2934,1,3,1,3,1
2935,1,3,1,5,6
2936,1,3,1,5,3
2937,1,3,1,5,3
2938,3,4,2,1,2
2939,2,4,2,4,2
2940,1,3,1,3,1
2941,1,3,4,3,6
2942,3,4,2,1,2
2943,3,4,2,1,2
2944,1,1,4,3,7
2945,1,3,1,3,1
2946,1,3,1,5,3
2947,1,1,1,3,7
2948,1,1,1,3,7
2949,1,1,1,3,7
2950,3,4,2,1,2
2951,1,1,1,3,7
2952,2,1,1,2,1
2953,1,3,5,5,3
2954,3,4,2,1,2
2955,3,4,2,1,2
2956,2,1,1,2,7
2957,3,4,2,1,2
2958,3,4,2,1,2
2959,3,4,2,1,2
2960,3,4,2,1,2
2961,3,4,2,1,2
2962,1,3,1,5,6
2963,3,4,2,2,2
2964,3,4,2,1,2
2965,1,1,1,3,7
2966,3,4,2,1,2
2967,2,4,2,4,2
2968,1,2,1,3,1
2969,3,4,2,1,2
2970,3,4,2,1,2
2971,1,3,1,3,1
2972,3,4,4,1,2
2973,1,3,1,5,3
2974,2,3,1,4,1
2975,3,4,2,1,2
2976,3,4,2,1,2
2977,3,4,2,1,2
2978,1,3,1,5,6
2979,3,4,2,1,2
2980,3,4,2,1,2
2981,1,3,1,3,4
2982,2,3,1,4,1
2983,2,3,1,4,1
2984,1,3,1,3,4
2985,1,1,1,2,7
2986,1,1,1,2,7
2987,1,2,5,3,1
2988,3,4,2,1,2
2989,1,1,1,3,7
2990,1,1,1,3,7
2991,1,1,1,3,7
2992,2,3,1,4,1
2993,1,1,1,3,7
2994,3,4,2,1,2
2995,1,3,1,3,1
2996,3,4,2,1,2
2997,1,3,1,5,3
2998,1,3,1,3,6
2999,1,3,1,5,3
3000,1,1,1,3,7
3001,3,4,2,1,2
3002,1,3,1,3,4
3003,3,4,2,1,2
3004,1,3,1,5,6
3005,2,3,1,4,1
3006,3,4,2,1,2
3007,1,3,1,3,4
3008,2,3,1,4,1
3009,3,4,2,1,2
3010,3,4,2,1,2
3011,3,4,2,1,2
3012,1,3,1,5,3
3013,1,3,1,5,3
3014,1,3,1,5,3
3015,2,3,1,4,1
3016,1,3,1,3,1
3017,1,3,1,3,1
3018,1,3,1,3,1
3019,3,4,2,2,2
3020,3,4,2,1,2
3021,1,3,1,3,1
3022,1,3,1,5,3
3023,1,3,1,5,6
3024,1,3,1,3,1
3025,1,3,1,3,1
3026,1,3,1,3,1
3027,1,3,1,3,1
3028,1,3,1,5,3
3029,3,4,2,1,2
3030,3,4,2,1,2
3031,1,3,1,5,3
3032,1,3,1,3,1
3033,1,3,1,5,3
3034,1,2,5,3,1
3035,3,4,4,1,2
3036,1,2,1,3,1
3037,3,4,2,1,2
3038,3,4,2,1,2
3039,1,3,1,5,3
3040,1,3,1,5,3
3041,1,3,1,5,3
3042,1,3,1,5,3
3043,1,3,1,5,3
3044,2,3,1,4,6
3045,3,4,2,1,2
3046,1,3,1,5,6
3047,3,4,2,1,2
3048,1,3,1,5,3
3049,1,3,4,5,3
3050,3,4,2,1,2
3051,3,4,2,1,2
3052,1,3,1,5,3
3053,3,4,4,1,2
3054,1,2,5,3,1
3055,2,3,1,4,1
3056,2,3,1,4,1
3057,1,3,1,5,3
3058,1,3,1,3,1
3059,3,4,2,1,2
3060,3,4,2,1,2
3061,1,3,1,5,3
3062,3,4,4,1,2
3063,2,3,1,4,1
3064,2,3,1,4,1
3065,3,4,2,1,2
3066,1,3,4,3,1
3067,3,4,2,1,2
3068,3,4,2,1,2
3069,3,4,2,1,2
3070,1,3,1,5,3
3071,3,4,2,1,2
3072,1,3,1,5,3
3073,3,4,2,1,2
3074,1,3,1,3,1
3075,2,3,1,4,1
3076,1,3,1,5,3
3077,1,3,1,3,4
3078,3,4,2,1,2
3079,3,4,2,1,2
3080,3,4,2,1,2
3081,1,3,1,3,6
3082,2,1,1,4,7
3083,3,4,2,1,2
3084,1,3,1,3,4
3085,1,3,1,3,1
3086,1,3,1,5,3
3087,1,3,1,5,3
3088,1,3,1,5,3
3089,3,4,2,1,2
3090,3,4,2,1,2
3091,3,4,4,1,2
3092,3,4,2,1,2
3093,3,4,2,1,2
3094,3,4,2,1,2
3095,3,4,2,1,2
3096,1,3,1,5,3
3097,1,3,1,5,6
3098,3,4,2,1,2
3099,1,3,1,5,6
3100,3,4,2,1,2
3101,2,3,1,4,1
3102,2,3,1,4,1
3103,3,4,2,1,2
3104,1,1,1,2,7
3105,3,4,2,1,2
3106,3,4,2,1,2
3107,3,4,2,1,2
3108,3,4,2,1,6
3109,3,4,2,1,2
3110,3,4,2,1,2
3111,3,4,2,1,2
3112,3,4,2,1,2
3113,2,1,1,4,7
3114,1,2,5,5,3
3115,3,4,2,1,2
3116,3,4,2,1,2
3117,3,4,4,1,2
3118,3,4,2,1,2
3119,1,3,1,3,1
3120,1,3,1,5,3
3121,1,3,1,3,1
3122,3,4,2,1,2
3123,1,3,1,5,3
3124,3,4,2,1,2
3125,3,4,2,1,2
3126,3,4,2,1,2
3127,3,4,2,1,2
3128,3,4,2,1,2
3129,3,4,2,1,2
3130,1,3,1,5,3
3131,1,3,1,5,3
3132,1,3,1,5,3
3133,1,3,1,5,3
3134,3,4,4,1,2
3135,3,4,2,1,2
3136,1,3,1,3,4
3137,1,1,4,3,7
3138,3,4,2,1,2
3139,1,1,1,3,7
3140,1,3,1,5,3
3141,3,4,2,1,2
3142,1,3,1,3,4
3143,3,4,4,1,2
3144,1,3,1,5,6
3145,3,4,2,1,2
3146,1,3,1,5,3
3147,2,4,2,4,2
3148,3,4,2,1,2
3149,1,3,1,3,1
3150,3,4,2,1,2
3151,3,4,2,2,2
3152,3,4,2,1,2
3153,1,1,1,3,7
3154,3,4,4,1,2
3155,3,4,2,1,2
3156,3,4,2,1,2
3157,1,3,5,5,3
3158,3,4,2,1,2
3159,1,2,5,3,1
3160,3,4,2,1,2
3161,3,4,2,1,2
3162,3,4,2,1,2
3163,3,4,2,1,2
3164,3,4,2,1,2
3165,3,4,2,1,2
3166,1,2,1,3,1
3167,3,4,2,1,2
3168,3,4,2,1,2
3169,3,4,2,1,2
3170,1,3,1,3,1
3171,3,4,2,1,2
3172,1,2,1,3,1
3173,3,4,2,1,2
3174,3,4,2,1,2
3175,1,3,1,5,3
3176,2,4,2,4,2
3177,1,3,1,5,3
3178,3,4,2,1,2
3179,3,4,2,1,2
3180,3,4,2,1,2
3181,3,4,2,1,2
3182,1,3,1,3,4
3183,3,4,2,1,2
3184,3,4,2,2,2
3185,3,4,2,1,2
3186,3,4,2,1,2
3187,3,4,2,1,2
3188,1,3,1,3,4
3189,1,3,1,5,3
3190,1,2,1,3,1
3191,3,4,2,1,2
3192,3,4,2,1,2
3193,1,3,1,3,4
3194,3,4,2,1,2
3195,3,4,2,1,2
3196,3,4,4,1,2
3197,1,1,1,3,7
3198,3,4,2,1,2
3199,1,3,1,5,6
3200,3,4,2,1,2
3201,3,4,2,1,2
3202,3,4,2,1,2
3203,2,3,1,4,1
3204,2,3,1,4,1
3205,1,3,1,3,1
3206,1,3,1,3,6
3207,1,2,1,3,1
3208,1,3,1,5,3
3209,3,4,2,1,2
3210,1,3,1,5,3
3211,3,4,2,1,2
3212,3,4,2,1,2
3213,1,2,5,3,1
3214,3,4,2,1,2
3215,3,4,2,1,2
3216,1,3,1,3,1
3217,3,4,2,1,2
3218,3,4,2,1,2
3219,2,3,1,4,1
3220,3,4,2,1,2
3221,3,4,2,1,2
3222,3,4,2,1,2
3223,3,4,2,1,2
3224,3,4,2,1,2
3225,1,3,1,5,6
3226,1,3,1,3,4
3227,2,4,2,4,2
3228,1,3,1,5,3
3229,3,4,2,2,2
3230,2,3,1,4,1
3231,1,3,1,5,3
3232,1,3,1,5,3
3233,1,3,1,5,3
3234,1,3,1,5,3
3235,1,3,1,5,3
3236,1,3,1,3,1
3237,1,3,1,3,4
3238,2,3,1,4,1
3239,1,3,1,5,3
3240,1,3,1,5,3
3241,1,3,1,5,3
3242,1,3,1,5,3
3243,1,3,1,5,3
3244,1,3,1,5,6
3245,3,4,2,1,2
3246,3,4,2,1,2
3247,1,3,1,5,3
3248,1,3,1,5,3
3249,2,3,1,4,1
3250,3,4,2,1,2
3251,3,4,2,1,2
3252,3,4,2,1,2
3253,1,3,1,5,3
3254,1,3,1,5,3
3255,3,4,2,1,2
3256,2,1,1,4,7
3257,2,1,2,4,7
3258,1,3,1,5,3
3259,3,4,2,1,2
3260,3,4,2,1,2
3261,3,4,2,1,6
3262,3,4,2,1,2
3263,1,3,1,5,3
3264,1,3,1,5,3
3265,1,1,1,2,7
3266,3,4,2,2,2
3267,2,1,1,4,7
3268,1,3,1,5,3
3269,1,2,1,3,6
3270,3,4,2,1,2
3271,3,4,2,1,2
3272,3,4,2,2,2
3273,2,3,1,4,1
3274,1,1,1,3,7
3275,1,3,1,5,3
3276,1,3,1,5,3
3277,3,4,2,1,2
3278,1,3,1,3,4
3279,1,1,1,3,7
3280,1,3,1,3,1
3281,1,3,1,3,4
3282,1,3,1,5,3
3283,1,1,1,3,7
3284,1,3,1,5,6
3285,3,4,2,1,2
3286,1,3,1,5,3
3287,1,2,5,3,1
3288,3,4,2,1,2
3289,3,4,2,1,2
3290,1,3,1,5,3
3291,2,3,1,4,1
3292,1,3,1,3,1
3293,3,4,2,1,2
3294,1,3,1,3,1
3295,3,4,2,1,2
3296,3,4,2,1,2
3297,1,3,1,3,4
3298,3,4,2,1,2
3299,3,4,2,1,2
3300,1,1,1,3,7
3301,1,3,1,5,3
3302,1,3,1,5,3
3303,1,3,1,3,4
3304,3,4,2,2,2
3305,1,3,1,3,1
3306,1,3,1,5,3
3307,3,4,2,1,6
3308,3,4,2,1,2
3309,1,3,1,5,3
3310,1,1,1,3,7
3311,1,3,1,3,1
3312,3,4,2,1,2
3313,1,3,1,5,3
3314,3,4,2,1,2
3315,1,3,1,3,1
3316,2,1,1,4,7
3317,3,4,2,1,2
3318,2,3,1,4,1
3319,3,4,2,1,2
3320,1,3,1,5,6
3321,1,3,1,5,3
3322,1,3,1,5,3
3323,1,3,1,5,3
3324,1,3,1,5,3
3325,3,4,2,1,2
3326,1,3,1,5,3
3327,1,3,1,3,4
3328,3,4,2,2,2
3329,3,4,2,1,2
3330,3,4,2,1,2
3331,3,4,2,1,2
3332,1,2,5,3,1
3333,3,4,2,1,2
3334,2,4,2,2,2
3335,3,4,2,2,2
3336,3,4,2,1,2
3337,3,4,2,1,2
3338,1,3,1,3,4
3339,1,3,4,3,1
3340,1,3,1,3,1
3341,1,3,1,5,3
3342,3,4,4,1,2
3343,3,4,2,1,6
3344,1,3,1,3,1
3345,1,2,5,3,1
3346,1,3,1,3,1
3347,3,4,2,1,2
3348,2,1,1,2,1
3349,1,3,1,5,3
3350,3,4,2,1,2
3351,1,3,1,3,1
3352,3,4,2,1,2
3353,1,3,1,5,6
3354,1,3,1,3,1
3355,2,3,1,4,1
3356,1,3,1,3,4
3357,3,4,2,1,2
3358,1,3,1,5,6
3359,3,4,2,1,2
3360,3,4,2,1,2
3361,1,3,1,5,3
3362,3,4,2,2,2
3363,3,4,2,1,2
3364,1,3,1,2,1
3365,1,3,1,3,1
3366,1,1,4,3,7
3367,1,3,4,3,1
3368,1,3,1,3,6
3369,1,3,1,2,1
3370,2,4,2,4,2
3371,3,4,2,1,2
3372,1,1,4,3,7
3373,1,3,1,3,1
3374,3,4,2,1,2
3375,1,3,1,3,1
3376,1,3,1,3,6
3377,3,4,4,1,2
3378,3,4,2,1,2
3379,3,4,2,1,2
3380,1,3,1,3,1
3381,3,4,2,1,2
3382,3,4,2,1,2
3383,3,4,2,1,2
3384,1,1,1,3,7
3385,1,3,1,5,3
3386,3,4,2,1,2
3387,1,3,1,5,3
3388,1,3,1,5,3
3389,1,1,1,3,7
3390,1,2,1,3,1
3391,1,3,1,5,3
3392,1,3,1,5,3
3393,1,3,1,5,3
3394,1,3,1,5,6
3395,1,3,1,5,3
3396,1,3,5,5,3
3397,1,3,5,5,3
3398,1,3,5,5,3
3399,1,3,5,5,3
3400,1,2,5,3,1
3401,1,2,1,3,1
3402,3,4,2,1,2
3403,2,4,2,4,2
3404,3,4,2,1,2
3405,3,4,2,1,2
3406,1,1,4,3,7
3407,3,4,2,1,2
3408,3,4,2,1,2
3409,2,4,2,4,2
3410,3,4,2,1,2
3411,3,4,2,1,2
3412,1,2,1,3,1
3413,3,4,2,2,2
3414,1,3,1,3,6
3415,3,4,2,1,2
3416,3,4,2,1,2
3417,1,3,1,5,3
3418,3,4,2,1,2
3419,1,3,1,5,3
3420,2,4,2,4,2
3421,1,3,1,5,3
3422,1,3,1,5,6
3423,3,4,2,1,2
3424,3,4,2,1,2
3425,3,4,2,1,2
3426,3,4,2,1,2
3427,1,3,1,2,1
3428,3,4,2,1,2
3429,1,3,1,5,3
3430,3,4,2,1,2
3431,3,4,2,1,2
3432,3,4,2,1,2
3433,3,4,2,1,2
3434,3,4,2,1,2
3435,1,3,1,2,1
3436,3,4,2,1,2
3437,3,4,2,1,2
3438,1,2,5,3,7
3439,1,2,5,3,7
3440,1,2,5,3,7
3441,1,1,4,3,7
3442,1,1,1,3,7
3443,2,1,2,4,7
3444,1,1,1,3,7
3445,2,3,1,4,1
3446,1,3,1,5,3
3447,3,4,2,1,2
3448,3,4,4,1,2
3449,3,4,2,1,2
3450,1,3,1,5,3
3451,3,4,2,1,2
3452,1,1,1,3,7
3453,3,4,2,1,2
3454,1,3,1,5,6
3455,2,4,2,4,2
3456,3,4,2,1,2
3457,3,4,2,1,2
3458,3,4,2,1,2
3459,3,4,2,1,2
3460,1,3,1,5,3
3461,2,4,2,4,2
3462,1,3,1,5,3
3463,1,3,1,5,3
3464,2,1,1,4,1
3465,3,4,2,1,2
3466,1,3,1,5,3
3467,3,4,2,1,2
3468,3,4,2,1,2
3469,3,4,2,1,2
3470,3,4,2,1,2
3471,3,4,2,1,2
3472,1,3,1,3,1
3473,1,3,1,5,3
3474,2,1,1,4,1
3475,3,4,2,1,2
3476,2,3,1,4,1
3477,3,4,2,1,2
3478,3,4,2,1,2
3479,1,2,1,3,6
3480,3,4,2,1,2
3481,1,3,1,5,3
3482,3,4,2,1,2
3483,1,2,5,3,1
3484,2,3,1,4,1
3485,1,3,1,3,1
3486,1,3,1,3,1
3487,1,3,1,3,1
3488,1,3,1,3,1
3489,1,2,1,3,1
3490,1,3,1,3,1
3491,1,3,1,5,3
3492,1,2,1,3,1
3493,1,3,1,3,1
3494,1,2,1,3,1
3495,3,4,2,1,2
3496,3,4,2,1,2
3497,1,3,1,5,3
3498,3,4,2,1,2
3499,1,3,1,3,1
3500,3,4,2,1,2
3501,1,3,1,5,6
3502,3,4,2,1,2
3503,3,4,2,1,2
3504,3,4,2,1,2
3505,2,3,1,4,1
3506,3,4,2,1,2
3507,1,3,1,5,3
3508,1,3,1,3,1
3509,3,4,2,1,2
3510,2,4,2,4,2
3511,1,3,1,5,3
3512,3,4,2,1,2
3513,2,4,2,4,2
3514,3,4,2,1,2
3515,1,3,1,5,3
3516,1,3,1,5,6
3517,3,4,2,2,2
3518,2,4,2,4,2
3519,1,1,4,3,7
3520,1,3,1,5,3
3521,3,4,2,2,2
3522,3,4,2,1,2
3523,2,1,1,4,7
3524,1,3,1,5,6
3525,1,3,1,5,3
3526,3,4,2,1,2
3527,2,1,1,4,7
3528,3,4,2,1,2
3529,2,1,1,2,1
3530,1,3,1,5,3
3531,3,4,2,1,6
3532,1,3,1,5,3
3533,3,4,2,1,2
3534,1,3,1,5,3
3535,2,3,1,4,3
3536,1,3,1,5,6
3537,3,4,2,1,2
3538,1,3,1,5,3
3539,1,3,1,3,4
3540,2,3,1,4,6
3541,1,1,1,3,7
3542,3,4,2,1,2
3543,3,4,2,1,2
3544,1,3,1,5,3
3545,1,3,4,3,1
3546,2,4,2,4,2
3547,3,4,2,1,2
3548,3,4,2,1,2
3549,1,3,1,3,1
3550,1,3,1,3,1
3551,2,3,1,4,1
3552,1,3,1,5,3
3553,2,4,2,4,2
3554,3,4,2,1,2
3555,2,1,1,4,7
3556,3,4,2,1,2
3557,2,3,1,4,1
3558,3,4,2,1,2
3559,3,4,2,1,2
3560,3,4,2,1,2
3561,3,4,2,1,2
3562,3,4,2,1,2
3563,1,1,1,3,7
3564,1,3,5,5,3
3565,3,4,2,1,2
3566,3,4,2,1,2
3567,1,3,1,5,3
3568,3,4,2,1,2
3569,3,4,2,1,2
3570,3,4,2,1,2
3571,3,4,2,1,2
3572,1,3,1,3,1
3573,1,3,1,3,1
3574,1,3,1,3,1
3575,3,4,2,1,2
3576,1,1,1,3,7
3577,3,4,2,1,2
3578,3,4,2,1,2
3579,3,4,2,1,2
3580,3,4,2,1,2
3581,3,4,2,1,2
3582,3,4,2,1,2
3583,3,4,2,1,2
3584,2,1,2,4,7
3585,1,2,4,3,1
3586,3,4,2,1,2
3587,1,3,1,3,1
3588,3,4,2,2,2
3589,1,3,1,3,1
3590,1,3,1,5,3
3591,3,4,2,1,2
3592,1,2,1,3,1
3593,1,1,1,3,7
3594,3,4,2,1,2
3595,1,3,1,5,3
3596,1,3,1,5,3
3597,1,3,1,5,3
3598,3,4,2,1,2
3599,1,3,1,5,3
3600,1,3,1,5,3
3601,1,3,1,5,3
3602,1,3,1,3,1
3603,1,3,1,5,3
3604,1,3,1,3,1
3605,3,4,2,1,2
3606,1,3,1,3,1
3607,3,4,2,1,2
3608,1,3,1,5,3
3609,1,3,1,3,4
3610,1,3,1,3,1
3611,1,2,5,5,3
3612,1,2,1,3,6
3613,1,3,1,5,3
3614,1,3,1,5,6
3615,1,2,5,3,1
3616,1,3,1,5,6
3617,1,3,1,5,3
3618,1,3,1,5,3
3619,1,3,1,5,3
3620,3,4,2,1,2
3621,3,4,2,1,2
3622,1,3,1,5,3
3623,2,1,1,4,7
3624,1,1,1,3,7
3625,1,3,1,3,4
3626,1,3,1,5,3
3627,2,3,1,4,1
3628,3,4,4,1,2
3629,1,3,1,5,3
3630,1,3,1,3,1
3631,1,3,1,5,3
3632,1,3,1,5,3
3633,1,1,1,3,7
3634,2,3,1,4,1
3635,1,1,1,3,7
3636,3,4,2,1,2
3637,3,4,2,1,2
3638,1,1,1,3,7
3639,1,1,1,3,7
3640,3,4,2,1,2
3641,3,4,2,1,2
3642,1,3,1,3,1
3643,3,4,4,1,2
3644,1,3,1,3,1
3645,3,4,2,1,2
3646,1,3,1,5,3
3647,3,4,2,1,2
3648,1,3,1,3,1
3649,3,4,2,1,2
3650,1,3,1,3,1
3651,1,3,1,3,1
3652,1,3,1,3,1
3653,1,3,1,3,4
3654,3,4,4,1,2
3655,3,4,2,1,2
3656,1,3,1,2,1
3657,3,4,2,1,2
3658,1,3,1,3,1
3659,2,1,1,4,1
3660,2,1,1,4,1
3661,2,1,1,4,1
3662,2,1,1,4,1
3663,2,1,1,4,1
3664,2,1,1,4,1
3665,2,1,1,4,1
3666,2,1,1,4,1
3667,1,3,1,5,3
3668,3,4,2,1,2
3669,1,3,1,5,3
3670,1,3,4,3,1
3671,1,3,1,5,3
3672,1,2,5,3,1
3673,1,2,5,3,1
3674,1,2,5,3,1
3675,1,3,1,3,1
3676,3,4,2,1,2
3677,1,3,1,3,4
3678,3,4,2,1,2
3679,1,3,1,3,4
3680,1,3,1,3,4
3681,1,3,1,3,1
3682,1,3,1,3,1
3683,3,4,2,1,2
3684,3,4,2,1,2
3685,3,4,2,1,6
3686,2,3,1,4,1
3687,1,3,1,3,1
3688,1,3,1,5,3
3689,1,3,1,5,3
3690,1,3,1,5,3
3691,1,3,1,5,3
3692,1,3,1,5,3
3693,1,3,1,5,3
3694,1,3,1,5,3
3695,1,3,1,5,3
3696,1,3,1,5,3
3697,2,1,1,4,7
3698,1,1,1,3,7
3699,3,4,2,1,2
3700,3,4,2,1,2
3701,3,4,2,2,2
3702,1,1,1,3,7
3703,1,1,1,3,7
3704,1,1,1,3,7
3705,2,1,1,4,7
3706,2,3,1,4,1
3707,3,4,2,1,2
3708,2,3,1,4,1
3709,1,3,1,3,1
3710,1,3,1,5,3
3711,3,4,2,1,2
3712,1,3,1,5,3
3713,3,4,2,1,2
3714,3,4,2,1,2
3715,1,3,1,5,3
3716,1,1,1,2,7
3717,1,1,1,2,7
3718,1,3,1,3,4
3719,1,3,1,5,6
3720,3,4,2,1,2
3721,1,3,1,5,3
3722,1,3,1,5,3
3723,3,4,2,1,2
3724,3,4,4,1,2
3725,1,2,1,3,1
3726,2,1,1,4,7
3727,1,3,1,5,3
3728,2,3,1,4,1
3729,1,1,1,2,7
3730,3,4,2,1,2
3731,2,4,2,4,2
3732,1,3,1,3,1
3733,3,4,2,1,2
3734,3,4,2,1,2
3735,3,4,2,2,2
3736,3,4,2,1,2
3737,3,4,2,1,2
3738,3,4,2,1,2
3739,1,3,1,5,6
3740,1,3,1,5,3
3741,3,4,2,2,2
3742,3,4,4,1,2
3743,1,3,1,5,6
3744,1,1,1,2,7
3745,1,2,1,3,1
3746,3,4,4,1,2
3747,3,4,2,1,2
3748,1,3,1,5,6
3749,3,4,2,1,2
3750,3,4,2,1,2
3751,1,2,5,5,3
3752,1,3,1,5,3
3753,3,4,4,1,2
3754,1,2,5,5,3
3755,2,1,1,4,7
3756,3,4,2,1,2
3757,1,3,1,3,1
3758,2,4,2,4,2
3759,1,2,5,3,1
3760,1,3,1,5,3
3761,3,4,2,2,2
3762,1,3,1,3,1
3763,2,1,1,2,7
3764,2,1,1,2,7
3765,3,4,2,1,2
3766,1,1,4,3,7
3767,1,1,4,3,7
3768,1,1,4,3,7
3769,1,1,1,3,7
3770,2,1,1,2,1
3771,1,1,1,3,7
3772,1,3,1,3,1
3773,1,3,1,5,3
3774,1,3,1,5,3
3775,1,2,5,3,1
3776,1,2,5,3,1
3777,1,3,1,5,3
3778,3,4,2,1,2
3779,1,3,1,3,1
3780,1,3,1,3,1
3781,1,1,1,2,7
3782,1,1,1,2,7
3783,3,4,2,2,2
3784,1,3,1,5,3
3785,1,3,1,5,3
3786,1,3,1,5,3
3787,1,3,1,5,3
3788,3,4,2,1,2
3789,3,4,2,1,2
3790,3,4,2,1,2
3791,3,4,2,1,2
3792,1,3,1,3,1
3793,1,1,1,3,7
3794,3,4,2,1,2
3795,3,4,2,1,2
3796,2,3,1,4,6
3797,2,3,1,4,1
3798,2,3,1,4,1
3799,1,2,5,3,1
3800,3,4,2,1,2
3801,3,4,2,1,2
3802,1,1,1,3,7
3803,3,4,2,1,2
3804,1,3,1,5,3
3805,3,1,2,1,7
3806,1,3,1,3,1
3807,1,1,1,3,7
3808,3,4,4,1,2
3809,1,3,1,5,3
3810,2,4,2,4,2
3811,3,4,4,1,2
3812,1,3,1,5,3
3813,3,4,2,1,2
3814,1,3,1,5,3
3816,3,4,2,1,2
3817,3,4,2,1,2
3818,1,3,1,5,3
3819,1,3,1,5,3
3820,1,2,5,3,1
3821,1,3,1,5,3
3822,3,4,2,1,2
3823,3,4,2,1,2
3824,3,4,2,1,2
3825,3,4,2,1,2
3826,2,1,1,4,1
3827,1,1,1,3,7
3828,1,3,1,5,3
3829,1,3,1,5,6
3830,2,3,1,4,3
3831,1,3,1,5,3
3832,1,3,1,3,1
3833,1,3,1,3,1
3834,3,4,2,1,2
3835,2,3,1,4,1
3836,1,1,4,5,3
3837,1,3,1,3,1
3838,1,3,1,3,1
3839,1,3,1,3,1
3840,1,3,1,3,1
3841,1,3,1,5,3
3842,1,3,1,3,1
3843,1,3,1,3,1
3844,3,4,2,1,2
3845,3,4,2,1,2
3846,1,3,1,5,3
3847,1,3,1,3,1
3848,2,4,2,4,2
3849,2,3,1,4,1
3850,2,1,1,2,1
3851,1,3,1,5,3
3852,1,3,1,5,3
3853,3,4,2,1,2
3854,3,4,2,1,2
3855,3,4,2,1,2
3856,3,4,2,1,2
3857,2,3,1,4,1
3858,1,3,1,5,3
3859,1,3,1,3,4
3860,1,3,1,2,1
3861,1,3,1,5,3
3862,1,3,1,5,3
3863,2,1,1,4,1
3864,1,1,1,3,7
3865,1,3,1,5,4
3866,1,3,1,5,3
3867,3,4,2,1,2
3868,1,3,1,5,3
3869,1,3,1,5,3
3870,3,4,2,1,2
3871,3,4,2,1,2
3872,3,4,2,1,2
3873,1,3,1,5,3
3874,1,3,1,5,6
3875,1,3,1,3,1
3876,3,4,2,1,2
3877,1,1,1,3,7
3878,1,3,1,3,1
3879,1,1,1,3,7
3880,1,3,1,3,4
3881,1,3,1,3,4
3882,1,3,1,5,3
3883,3,4,2,1,2
3884,1,3,1,5,3
3885,1,3,1,5,6
3886,3,4,2,1,2
3887,3,4,2,1,2
3888,3,4,2,1,2
3889,1,1,1,3,7
3890,1,3,1,3,4
3891,3,4,2,2,2
3892,1,3,1,3,1
3893,2,3,1,5,3
3894,3,4,2,1,2
3895,2,1,1,2,1
3896,2,1,1,2,1
3897,3,4,2,1,2
3898,1,3,1,5,3
3899,1,3,1,5,3
3900,3,4,2,1,2
3901,3,4,2,1,2
3902,3,4,2,1,2
3903,3,4,2,1,2
3904,3,4,2,1,2
3905,1,3,1,5,3
3906,1,3,1,2,1
3907,3,4,2,1,2
3908,1,3,1,3,1
3909,1,3,1,5,6
3910,3,4,2,1,2
3911,1,3,1,5,3
3912,3,4,2,1,2
3913,1,3,1,3,4
3914,3,4,2,1,2
3915,3,4,2,1,2
3916,3,4,2,1,2
3917,1,3,1,3,1
3918,1,3,1,3,1
3919,1,3,1,3,1
3920,3,4,2,1,2
3921,1,3,1,5,3
3922,1,3,1,5,3
3923,1,3,1,3,1
3924,1,3,1,5,3
3925,1,3,1,5,3
3926,1,2,1,3,1
3927,1,2,1,3,1
3928,1,3,1,5,3
3929,1,3,1,5,3
3930,1,3,1,3,1
3931,1,3,1,3,1
3932,1,3,1,3,1
3933,1,3,1,3,1
3934,1,3,1,3,1
3935,1,3,1,3,1
3936,2,4,2,4,2
3937,2,1,1,4,1
3938,1,3,1,3,1
3939,1,3,1,3,1
3940,1,3,1,3,1
3941,1,3,1,3,1
3942,1,3,1,3,1
3943,1,3,1,5,3
3944,3,4,2,1,2
3945,1,2,5,3,1
3946,2,1,2,4,7
3947,2,3,1,4,1
3948,1,3,1,5,3
3949,3,4,2,1,2
3950,3,4,2,1,2
3951,3,4,2,1,2
3952,2,4,2,4,2