user_pk,K3,K4,K5,K6,K7
1,1,4,4,1,2
2,2,1,2,6,6
3,1,4,4,1,5
4,1,4,4,1,5
5,3,3,1,3,3
6,1,4,4,1,5
7,2,1,3,4,1
8,1,4,4,1,5
9,3,3,1,5,3
10,3,3,1,5,3
11,1,4,4,3,5
12,2,2,2,6,4
13,3,2,5,2,7
14,2,1,3,4,1
15,3,2,5,2,7
16,1,2,5,2,4
17,3,3,1,5,3
18,3,2,5,2,7
19,3,3,1,5,3
20,2,1,2,6,6
21,2,1,3,4,2
22,3,3,1,3,3
23,3,3,1,3,3
24,3,3,1,5,3
25,3,3,1,5,3
26,2,2,2,6,4
27,3,2,5,2,7
28,3,2,5,2,7
29,3,2,5,2,7
30,3,2,1,3,4
31,3,3,4,5,5
32,3,2,5,2,7
33,3,3,1,3,3
34,1,4,4,1,5
35,3,2,5,2,7
36,3,3,1,5,3
37,1,4,4,1,2
38,1,4,4,3,2
39,2,2,2,6,4
40,3,2,5,2,7
41,1,4,4,1,2
42,3,3,1,5,3
43,1,4,4,1,2
44,3,2,5,2,7
45,1,4,4,1,5
46,2,1,3,4,1
47,2,1,3,4,1
48,3,3,1,3,3
49,3,3,1,3,3
50,1,4,4,1,5
51,1,2,5,2,4
52,2,1,3,4,1
53,3,3,1,5,3
54,1,4,4,1,5
55,1,4,4,1,2
56,3,3,1,3,3
57,1,4,3,4,2
58,3,3,1,5,3
59,3,3,1,2,7
60,1,2,5,2,7
61,2,1,3,4,2
62,3,3,1,5,3
63,3,3,2,3,4
64,1,4,4,1,2
65,3,3,1,5,3
66,1,4,3,4,2
67,2,1,2,6,6
68,3,3,1,3,3
69,2,1,3,4,1
70,3,2,5,2,4
71,2,1,2,6,6
72,2,1,3,4,1
73,1,4,4,1,5
74,2,1,2,3,6
75,1,4,4,1,5
76,2,2,2,6,4
77,1,4,3,4,2
78,1,4,4,1,5
79,3,2,5,2,4
80,1,4,4,1,5
81,3,3,1,5,3
82,2,1,2,6,6
83,3,2,5,2,4
84,2,1,3,4,1
85,2,1,3,4,1
86,3,2,5,2,7
87,2,1,3,4,1
88,2,1,2,6,6
89,2,1,3,4,1
90,3,2,5,2,7
91,1,4,4,1,5
92,3,2,5,2,7
93,1,2,5,2,7
94,1,4,4,1,2
95,1,4,4,1,5
96,3,2,5,2,7
97,3,2,5,2,7
98,2,1,3,4,1
99,1,4,4,1,5
100,3,2,5,2,7
101,1,4,4,1,5
102,3,2,2,6,4
103,1,4,4,1,2
104,1,4,2,6,2
105,1,4,4,1,5
106,1,4,4,1,2
107,3,3,1,5,3
108,2,1,3,4,2
109,3,2,5,2,7
110,2,1,2,6,6
111,3,3,1,5,3
112,3,2,5,2,4
113,1,4,4,1,2
114,1,4,4,1,5
115,1,4,4,1,2
116,3,2,5,2,7
117,3,2,5,2,7
118,3,2,5,2,7
119,3,2,5,2,7
120,1,4,4,1,5
121,3,2,5,2,7
122,1,4,3,4,1
123,3,2,5,2,7
124,2,1,2,6,6
125,2,1,2,6,6
126,2,2,2,6,6
127,3,3,1,5,3
128,1,4,4,1,5
129,3,2,5,2,7
130,3,2,5,2,7
131,3,3,1,3,3
132,1,4,4,1,5
133,3,2,5,2,7
134,1,4,4,1,2
135,3,2,5,2,4
136,3,3,1,3,3
137,3,2,5,2,7
138,3,2,5,2,4
139,3,3,1,5,3
140,3,2,5,2,4
141,2,2,2,6,6
142,3,2,5,3,4
143,2,1,3,4,2
144,2,1,3,3,2
145,2,1,3,4,2
146,3,2,5,2,7
147,3,2,5,2,7
148,3,3,1,5,3
149,3,3,1,5,3
150,3,3,1,5,3
151,3,2,5,2,7
152,1,4,3,4,2
153,1,4,3,4,2
154,2,1,2,6,4
155,1,4,4,1,5
156,3,2,5,2,7
157,3,3,1,5,3
158,3,2,5,2,4
159,2,1,2,6,4
160,1,4,4,1,2
161,3,3,1,5,3
162,3,2,5,2,4
163,2,1,3,4,1
164,1,4,4,1,5
165,3,3,1,5,3
166,3,3,1,5,3
167,2,1,3,4,1
168,1,4,4,1,2
169,3,3,1,5,3
170,3,2,5,2,7
171,2,3,2,3,6
172,2,1,2,6,6
173,3,3,1,5,3
174,1,4,4,1,5
175,3,3,1,5,3
176,3,2,5,2,7
177,3,3,1,5,3
178,3,2,5,2,7
179,2,2,2,6,4
180,3,3,2,3,4
181,3,3,1,5,3
182,1,3,1,3,3
183,3,2,5,2,7
184,3,2,5,2,7
185,2,1,3,4,1
186,3,3,1,5,3
187,3,3,1,5,3
188,2,2,2,6,6
189,2,1,4,1,5
190,3,2,5,2,7
191,2,1,3,4,1
192,3,3,1,3,3
193,3,3,1,5,3
194,1,4,4,1,5
195,3,3,1,5,3
196,2,1,2,6,4
197,2,1,3,4,1
198,3,2,5,2,7
199,3,2,5,2,7
200,2,1,3,4,2
201,2,1,3,4,1
202,3,2,5,2,7
203,2,1,3,4,1
204,3,3,1,5,3
205,3,3,1,5,3
206,1,4,3,4,2
207,1,4,4,1,5
208,3,3,1,5,3
209,2,1,3,4,2
210,1,4,4,1,5
211,2,1,3,4,1
212,1,4,4,3,2
213,1,4,4,1,2
214,3,2,5,2,7
215,3,2,5,2,4
216,3,3,1,3,3
217,2,2,2,6,4
218,3,2,5,2,4
219,2,1,3,4,1
220,3,3,1,5,3
221,2,1,2,6,6
222,3,3,1,5,3
223,3,2,5,2,7
224,1,2,5,2,7
225,3,3,1,3,3
226,1,1,3,4,1
227,2,1,3,4,1
228,1,4,4,1,2
229,1,4,4,1,2
230,3,3,1,5,3
231,3,2,5,2,7
232,1,4,4,1,2
233,1,4,4,1,2
234,2,1,2,6,6
235,3,3,1,5,3
236,3,2,5,2,7
237,1,4,4,1,5
238,3,3,1,5,3
239,1,4,4,1,4
240,3,2,1,3,3
241,3,2,2,6,4
242,3,3,1,3,3
243,1,4,4,1,2
244,3,2,5,2,4
245,3,2,1,3,3
246,1,4,4,1,2
247,1,4,4,1,5
248,2,1,3,4,1
249,3,2,5,2,4
250,2,1,3,4,1
251,1,2,5,2,7
252,1,4,4,1,5
253,3,3,1,5,3
254,2,1,3,4,1
255,3,2,5,2,7
256,2,1,2,6,6
257,1,4,4,1,5
258,3,3,1,3,3
259,3,3,1,5,3
260,1,4,4,1,5
261,3,3,1,5,3
262,1,4,4,1,5
263,1,4,4,1,2
264,1,2,5,2,7
265,1,4,4,1,2
266,3,2,5,2,7
267,3,3,1,3,3
268,3,2,5,2,7
269,2,2,2,6,6
270,3,2,5,2,7
271,3,2,5,2,7
272,3,2,5,2,7
273,3,2,5,2,7
274,3,2,5,2,7
275,3,2,5,2,4
276,3,2,5,2,7
277,2,1,3,4,1
278,1,4,4,1,2
279,2,1,3,4,1
280,1,4,4,1,5
281,3,3,1,5,3
282,2,1,2,6,6
283,1,4,4,1,4
284,3,2,5,2,7
285,3,3,2,3,6
286,3,2,2,6,4
287,3,2,2,6,4
288,1,4,4,1,2
289,3,2,2,6,6
290,1,4,3,4,2
291,3,2,5,2,7
292,2,1,2,6,6
293,3,3,1,3,3
294,1,4,3,3,2
295,3,2,5,2,7
296,1,4,4,1,2
297,3,2,5,2,7
298,1,4,4,1,5
299,3,3,1,5,3
300,3,2,5,2,7
301,3,3,1,5,3
302,3,3,1,3,3
303,3,3,1,3,3
304,2,1,2,6,6
305,1,4,4,1,2
306,3,2,5,2,7
307,3,3,1,5,3
308,3,3,1,3,3
309,3,2,5,2,7
310,1,3,1,3,3
311,2,1,3,4,1
312,1,4,4,1,2
313,3,2,5,2,4
314,3,3,1,5,3
315,2,1,3,4,2
316,3,2,2,6,7
317,3,2,2,6,4
318,3,2,2,6,4
319,3,3,1,3,3
320,1,4,4,1,5
321,3,2,5,2,7
322,1,4,4,1,5
323,3,2,5,2,7
324,1,2,5,2,4
325,1,4,3,4,2
326,3,3,1,5,3
327,3,3,1,3,3
328,1,4,4,1,5
329,3,3,1,3,3
330,3,2,5,2,7
331,3,3,1,5,3
332,3,2,5,2,7
333,3,3,1,3,3
334,1,4,4,1,2
335,2,1,3,4,1
336,3,2,5,2,7
337,3,2,5,2,7
338,3,3,1,5,3
339,2,1,3,4,1
340,1,2,5,2,4
341,2,1,3,4,1
342,3,2,5,2,7
343,3,2,5,2,7
344,2,3,2,3,3
345,2,1,3,4,1
346,1,4,4,1,5
347,3,3,1,3,4
348,1,4,4,1,5
349,2,2,2,6,6
350,1,4,4,1,5
351,1,4,4,1,2
352,3,3,1,5,3
353,2,1,2,6,6
354,2,2,2,6,4
355,3,2,5,2,7
356,2,1,3,4,1
357,2,1,2,6,6
358,3,3,1,5,3
359,3,2,5,2,4
360,3,2,5,2,7
361,1,4,4,1,2
362,1,4,4,1,2
363,3,2,5,2,4
364,2,1,2,6,6
365,1,4,4,1,2
366,3,3,1,5,3
367,2,1,3,4,1
368,3,2,5,2,7
369,1,4,4,1,5
370,1,2,5,2,4
371,2,1,2,4,6
372,3,2,5,2,7
373,3,2,2,6,4
374,3,2,5,2,7
375,2,1,2,6,6
376,3,2,5,2,7
377,3,3,1,5,3
378,2,1,2,6,4
379,1,4,4,1,2
380,1,4,4,1,5
381,2,1,4,1,5
382,2,1,3,4,1
383,2,2,2,6,4
384,1,4,3,4,1
385,3,3,1,5,3
386,3,3,1,5,3
387,1,4,4,1,5
388,2,1,3,4,1
389,1,4,4,1,5
390,3,2,5,2,4
391,2,1,2,6,6
392,3,3,1,5,3
393,3,2,2,6,4
394,2,1,3,4,1
395,2,1,3,4,2
396,1,4,4,1,5
397,1,4,4,1,5
398,3,3,1,5,3
399,1,4,4,1,2
400,1,4,4,1,2
401,3,2,5,2,7
402,3,2,5,2,7
403,3,2,5,2,7
404,1,2,2,6,4
405,2,1,3,4,1
406,3,3,1,3,3
407,2,2,2,6,4
408,3,3,1,5,3
409,3,3,1,5,3
410,1,4,4,1,5
411,3,3,1,3,3
412,3,3,1,5,3
413,1,4,4,1,2
414,1,2,5,2,7
415,3,3,1,5,3
416,2,2,2,6,4
417,3,2,5,2,4
418,1,4,4,1,5
419,1,4,4,1,5
420,1,4,4,1,5
421,1,4,4,1,2
422,2,1,2,6,6
423,2,1,3,3,1
424,3,3,1,5,3
425,3,3,1,5,3
426,3,2,5,2,7
427,1,4,4,1,2
428,3,3,1,3,3
429,3,3,1,5,3
430,1,4,4,1,2
431,3,2,2,6,4
432,2,1,3,4,1
433,1,4,4,1,5
434,1,3,4,3,5
435,2,1,3,4,1
436,1,4,4,1,5
437,1,4,4,1,5
438,3,3,1,5,3
439,1,4,4,1,5
440,2,1,3,4,1
441,3,2,5,2,7
442,3,3,1,5,3
443,2,1,2,6,1
444,3,3,1,5,3
445,3,2,5,2,7
446,3,2,5,2,4
447,1,4,4,1,5
448,2,1,3,4,1
449,1,4,4,1,2
450,3,3,1,5,3
451,3,3,1,5,3
452,3,2,5,2,7
453,3,3,1,5,3
454,3,3,1,3,3
455,1,4,4,1,5
456,1,2,5,2,7
457,3,3,1,5,3
458,2,1,2,6,6
459,1,4,3,4,2
460,2,1,3,4,1
461,3,3,1,3,3
462,3,3,1,5,3
463,1,4,4,1,5
464,3,3,1,3,4
465,2,1,3,3,2
466,3,2,5,2,7
467,2,1,3,4,2
468,2,1,3,4,1
469,3,3,1,5,3
470,1,4,4,1,2
471,3,3,1,5,3
472,3,2,2,6,4
473,1,4,4,1,2
474,3,3,1,5,3
475,3,2,5,2,7
476,3,2,5,2,7
477,3,2,5,6,7
478,3,2,2,6,4
479,3,2,5,2,7
480,1,3,1,3,5
481,3,2,5,2,7
482,3,3,1,3,3
483,1,4,3,4,2
484,1,4,4,1,5
485,1,4,4,1,5
486,1,4,4,1,2
487,1,2,5,2,4
488,1,4,4,1,2
489,1,4,3,4,2
490,1,2,4,1,5
491,2,1,3,4,1
492,1,4,3,4,1
493,3,3,1,3,3
494,1,4,4,1,5
495,1,4,3,4,2
496,3,2,5,2,4
497,2,1,3,4,1
498,3,2,5,2,7
499,3,2,5,2,7
500,1,4,4,1,2
501,3,2,5,2,7
502,1,2,5,2,7
503,2,1,2,6,6
504,3,2,5,2,4
505,3,3,1,5,3
506,1,4,4,1,5
507,3,2,2,6,4
508,3,3,1,5,3
509,3,3,1,3,3
510,3,2,5,2,7
511,2,1,2,6,6
512,2,1,2,6,6
513,1,4,4,3,5
514,3,2,5,2,7
515,3,3,1,5,3
516,3,2,5,2,7
517,1,3,1,3,5
518,3,2,5,2,7
519,1,4,4,1,2
520,3,2,5,2,7
521,2,1,2,6,6
522,3,2,5,2,7
523,3,2,5,2,7
524,3,3,1,5,3
525,1,4,4,1,5
526,3,2,2,6,6
527,2,1,3,4,1
528,3,3,1,3,3
529,3,3,1,5,3
530,3,3,1,3,3
531,3,3,1,2,7
532,3,2,5,2,7
533,3,3,1,5,3
534,3,2,5,2,4
535,1,4,4,1,4
536,3,2,5,2,7
537,3,3,1,5,3
538,1,4,4,1,5
539,3,2,5,2,7
540,2,1,3,4,1
541,3,2,5,2,7
542,2,1,3,4,1
543,3,2,5,2,7
544,3,3,1,5,3
545,2,1,3,4,2
546,3,3,1,3,3
547,3,2,5,2,7
548,2,3,2,3,4
549,3,3,1,5,3
550,3,3,1,5,3
551,3,2,5,2,7
552,3,2,5,2,7
553,1,4,4,1,2
554,2,1,3,4,1
555,3,2,2,6,4
556,3,2,5,2,7
557,3,2,5,2,7
558,3,3,1,5,3
559,2,1,3,4,1
560,1,4,4,1,5
561,1,4,4,1,2
562,2,1,3,4,1
563,3,2,5,2,7
564,3,3,5,5,7
565,2,1,3,4,1
566,3,3,1,3,3
567,1,4,4,1,5
568,2,1,2,6,6
569,1,4,4,1,2
570,3,2,5,2,7
571,3,2,5,6,7
572,2,1,3,4,2
573,2,2,2,6,4
574,1,4,3,4,2
575,3,2,5,2,7
576,3,2,5,2,7
577,3,3,1,5,3
578,2,2,2,6,4
579,3,2,5,2,4
580,2,1,2,3,6
581,1,4,4,1,2
582,3,2,5,2,7
583,3,2,5,2,7
584,1,4,4,1,5
585,3,3,1,5,3
586,3,2,5,2,7
587,3,3,1,3,3
588,3,3,1,5,3
589,1,4,4,1,5
590,3,3,1,5,3
591,3,3,1,3,3
592,2,1,3,4,1
593,2,1,3,4,1
594,3,3,1,5,3
595,1,4,4,1,2
596,1,4,3,4,2
597,3,2,5,2,7
598,2,1,3,4,1
599,2,1,2,6,6
600,2,1,2,6,6
601,3,3,1,3,3
602,3,2,5,2,7
603,2,1,3,4,1
604,1,2,5,2,7
605,3,2,5,2,7
606,1,4,4,1,2
607,2,1,3,4,1
608,1,4,4,3,5
609,2,1,2,6,4
610,3,2,5,2,7
611,3,2,5,2,7
612,3,2,5,2,4
613,3,3,1,5,3
614,1,4,4,1,2
615,3,3,1,5,3
616,3,2,5,2,4
617,2,1,2,6,6
618,2,1,3,4,1
619,1,4,4,1,2
620,3,3,1,3,3
621,3,2,5,2,7
622,3,3,1,5,3
623,3,3,1,5,3
624,3,3,1,5,3
625,2,1,3,4,1
626,3,2,5,2,7
627,2,1,2,6,4
628,1,4,4,1,5
629,1,4,4,1,2
630,3,2,5,2,7
631,3,2,5,2,7
632,2,1,3,4,1
633,2,1,2,6,6
634,1,4,4,1,2
635,3,2,5,2,7
636,3,2,5,2,7
637,3,2,5,2,7
638,3,2,5,2,7
639,3,2,5,2,7
640,2,1,2,6,6
641,1,4,4,1,2
642,2,1,3,4,5
643,2,2,2,6,4
644,2,2,2,6,4
645,3,3,1,5,3
646,3,2,5,2,7
647,1,3,1,3,3
648,3,3,1,5,3
649,3,3,1,5,3
650,2,1,3,4,1
651,3,3,1,5,3
652,3,2,2,6,7
653,2,1,3,4,1
654,3,2,5,2,4
655,3,3,1,3,3
656,3,2,5,2,7
657,3,2,5,2,4
658,1,4,4,1,2
659,2,1,4,1,5
660,3,3,1,3,3
661,3,2,2,6,6
662,1,2,5,2,4
663,3,2,5,2,7
664,3,2,5,2,7
665,2,1,3,4,1
666,3,3,2,3,4
667,1,4,4,1,5
668,2,1,3,4,1
669,3,3,1,5,3
670,3,3,1,3,3
671,3,3,1,5,3
672,3,2,5,2,7
673,3,2,5,2,7
674,3,2,5,2,7
675,1,4,4,1,2
676,3,2,5,2,7
677,3,3,1,5,3
678,3,3,1,5,3
679,3,3,5,5,7
680,2,1,3,4,1
681,1,2,5,2,4
682,3,2,5,2,4
683,2,1,3,4,1
684,1,4,4,1,2
685,3,2,5,2,7
686,2,1,3,4,1
687,3,2,5,2,7
688,2,1,3,4,1
689,1,4,4,1,5
690,3,3,1,5,3
691,3,3,1,5,3
692,3,3,1,5,3
693,3,2,5,2,7
694,3,2,2,6,4
695,3,2,5,2,7
696,3,3,1,5,3
697,3,2,5,2,4
698,3,3,1,3,3
699,3,3,1,3,3
700,2,1,2,6,6
701,3,2,5,6,4
702,3,3,1,3,3
703,3,2,5,2,4
704,3,2,5,2,4
705,1,4,4,1,2
706,2,2,2,6,4
707,1,4,4,1,2
708,2,1,3,4,1
709,2,1,3,4,1
710,3,3,1,5,3
711,3,2,5,2,7
712,3,3,1,5,3
713,3,3,1,5,3
714,3,2,5,2,7
715,3,3,1,5,3
716,3,3,1,5,3
717,2,2,2,6,7
718,1,4,4,1,5
719,1,4,4,1,5
720,2,2,2,3,7
721,3,2,5,2,7
722,3,2,5,2,7
723,2,1,3,4,1
724,3,3,1,5,3
725,2,2,2,6,4
726,1,4,3,4,2
727,3,3,1,5,3
728,3,2,1,3,7
729,3,2,5,2,7
730,2,1,3,4,1
731,3,2,5,2,7
732,2,1,2,3,6
733,3,3,1,5,3
734,1,4,4,1,5
735,3,2,5,2,7
736,3,2,5,2,7
737,3,2,5,2,4
738,2,1,3,4,1
739,3,2,5,2,7
740,3,2,5,2,4
741,2,1,3,4,1
742,3,2,5,2,7
743,3,3,1,3,3
744,3,2,5,2,4
745,1,4,3,4,2
746,1,4,4,1,5
747,2,1,3,4,1
748,3,2,5,2,7
749,3,3,1,3,3
750,3,2,5,2,7
751,2,1,3,4,2
752,3,3,1,3,3
753,3,2,5,2,7
754,3,3,1,5,3
755,3,2,5,2,7
756,1,1,3,4,1
757,3,2,5,2,7
758,2,1,2,6,6
759,2,1,2,6,6
760,3,3,1,5,3
761,1,4,4,1,2
762,1,4,4,1,5
763,3,3,1,3,3
764,3,2,5,2,7
765,3,3,1,5,3
766,2,1,3,4,1
767,3,2,5,2,7
768,3,2,5,6,4
769,3,2,5,2,7
770,3,3,1,3,3
771,3,2,5,2,7
772,3,2,5,2,7
773,1,4,4,1,2
774,3,3,1,3,3
775,1,4,4,1,2
776,3,2,5,2,7
777,2,1,3,3,1
778,3,2,5,2,7
779,1,4,4,1,2
780,3,3,1,5,3
781,1,4,3,4,2
782,1,4,4,3,2
783,3,2,5,2,7
784,3,2,5,2,4
785,2,1,3,4,1
786,3,2,5,2,7
787,3,2,2,6,4
788,3,2,5,2,7
789,2,3,2,3,4
790,2,2,2,6,4
791,3,2,5,2,7
792,1,2,5,2,4
793,1,2,5,2,4
794,2,1,3,4,1
795,3,2,5,2,4
796,3,3,1,3,3
797,2,1,3,4,1
798,3,3,1,2,7
799,1,4,3,4,2
800,3,2,5,2,7
801,3,3,5,2,7
802,3,3,1,5,3
803,1,4,4,1,5
804,2,1,3,3,2
805,1,4,4,1,2
806,3,3,1,5,3
807,1,4,4,1,5
808,3,3,1,5,3
809,3,3,4,1,5
810,3,2,5,2,7
811,2,1,2,6,6
812,3,2,5,2,7
813,1,4,4,1,2
814,3,2,5,2,7
815,2,2,2,6,4
816,3,2,5,2,7
817,3,2,5,2,7
818,3,2,5,2,4
819,2,1,3,3,1
820,3,2,5,2,7
821,1,4,3,4,2
822,3,2,5,2,7
823,3,3,1,5,3
824,3,3,1,5,3
825,2,1,2,6,4
826,2,1,3,4,1
827,2,2,2,6,7
828,3,2,5,2,4
829,3,3,1,5,3
830,3,3,1,3,3
831,3,2,5,2,4
832,1,4,4,1,5
833,2,1,3,4,1
834,1,4,4,1,2
835,3,2,5,2,7
836,2,1,3,4,2
837,2,2,2,6,6
838,3,3,1,5,3
839,3,3,1,5,3
840,3,3,1,5,3
841,1,4,3,4,2
842,3,2,2,6,4
843,1,4,4,1,5
844,3,3,2,6,4
845,1,4,4,1,2
846,3,3,1,5,3
847,1,4,4,1,5
848,2,1,2,6,6
849,1,4,4,3,5
850,3,3,1,5,3
851,1,4,4,1,5
852,1,4,4,1,2
853,3,2,5,2,7
854,3,2,5,2,7
855,3,3,1,3,3
856,2,1,2,6,6
857,3,2,5,2,7
858,3,3,1,5,3
859,3,2,5,2,7
860,2,1,3,4,1
861,3,3,1,5,3
862,3,3,1,3,3
863,3,3,1,3,3
864,3,3,1,3,3
865,1,4,4,1,5
866,1,4,4,1,2
867,1,2,5,2,4
868,2,1,3,4,1
869,3,2,5,2,7
870,1,4,4,1,2
871,3,2,2,6,4
872,3,3,1,5,3
873,3,3,1,5,3
874,2,2,2,6,6
875,3,3,1,5,4
876,3,2,5,2,4
877,3,2,5,2,7
878,3,2,5,2,7
879,1,4,4,1,5
880,3,2,5,2,7
881,3,2,5,2,7
882,3,2,5,2,4
883,2,1,2,6,6
884,3,2,5,2,4
885,3,3,1,5,3
886,1,4,4,3,2
887,2,2,2,6,6
888,1,4,4,1,2
889,3,3,1,3,3
890,3,3,1,5,3
891,3,3,1,5,3
892,1,4,4,1,5
893,3,3,1,3,3
894,1,3,1,5,3
895,2,2,2,6,4
896,2,1,3,4,2
897,3,2,5,2,7
898,2,1,3,4,1
899,3,3,1,5,3
900,2,1,2,6,6
901,2,2,2,6,6
902,3,2,5,2,4
903,2,1,2,6,4
904,3,3,1,3,3
905,3,2,5,2,4
906,2,1,3,4,1
907,2,1,2,6,6
908,2,1,2,6,6
909,3,3,1,3,3
910,3,3,1,5,3
911,3,3,1,5,3
912,1,4,4,1,2
913,3,2,5,2,7
914,3,2,5,2,4
915,2,1,3,4,1
916,3,2,5,2,4
917,2,1,2,6,6
918,1,4,4,1,5
919,3,3,1,5,3
920,1,4,4,1,5
921,3,2,5,2,7
922,3,3,1,5,3
923,2,3,2,3,6
924,3,3,1,5,3
925,1,4,3,4,2
926,3,2,5,2,7
927,1,4,4,1,5
928,3,3,1,5,3
929,3,2,5,2,7
930,2,1,2,6,6
931,3,2,5,2,7
932,2,1,3,4,1
933,1,4,4,3,5
934,1,2,5,2,7
935,3,3,1,2,7
936,1,4,4,1,2
937,3,3,1,5,3
938,1,4,3,4,2
939,3,2,5,2,7
940,2,2,2,6,4
941,2,1,3,4,1
942,2,1,2,6,6
943,1,4,4,1,5
944,3,2,2,6,4
945,2,1,2,6,6
946,3,3,1,5,3
947,2,1,3,4,1
948,3,3,1,5,3
949,3,2,5,2,7
950,1,4,3,4,2
951,1,2,5,2,4
952,3,3,1,5,3
953,3,3,1,5,3
954,3,2,5,2,7
955,3,3,1,5,3
956,3,3,1,5,3
957,3,3,1,5,3
958,3,3,1,5,3
959,1,2,4,1,5
960,3,3,1,5,3
961,2,1,3,4,2
962,2,1,2,6,6
963,3,3,1,5,3
964,1,4,4,1,2
965,3,2,5,2,4
966,2,3,2,3,6
967,1,4,4,1,2
968,3,2,2,6,6
969,2,3,2,3,6
970,3,2,5,2,7
971,3,2,5,2,7
972,2,1,3,4,1
973,3,3,1,3,3
974,1,4,4,1,2
975,3,3,1,3,3
976,3,2,5,2,7
977,3,3,1,5,3
978,3,3,1,3,3
979,1,4,4,1,5
980,3,3,1,3,3
981,3,3,1,3,3
982,1,4,4,1,2
983,1,4,4,1,4
984,3,3,1,5,3
985,3,2,5,2,7
986,2,1,3,4,1
987,3,3,1,5,3
988,1,4,4,1,2
989,3,2,5,2,7
990,1,4,4,1,2
991,1,4,4,1,2
992,2,1,3,4,1
993,1,4,4,1,5
994,1,4,4,1,5
995,1,4,4,1,2
996,3,3,1,5,3
997,1,4,3,4,2
998,3,3,1,5,3
999,1,4,4,1,5
1000,3,2,5,2,7
1001,3,3,1,5,3
1002,3,3,1,3,3
1003,2,1,2,3,6
1004,3,2,5,2,7
1005,3,3,1,5,3
1006,2,1,2,6,6
1007,1,4,4,1,5
1008,1,4,4,1,5
1009,1,4,4,1,2
1010,2,1,2,3,6
1011,1,4,4,1,2
1012,1,4,4,1,2
1013,1,4,4,1,2
1014,3,2,5,2,7
1015,3,3,1,5,3
1016,3,2,5,2,4
1017,3,3,1,5,3
1018,3,2,5,2,7
1019,3,3,1,3,3
1020,3,2,2,6,7
1021,3,3,1,5,3
1022,1,4,2,6,2
1023,3,2,5,2,4
1024,2,1,3,4,1
1025,3,2,5,2,7
1026,2,1,2,6,6
1027,2,1,3,4,2
1028,2,2,2,6,4
1029,3,3,1,3,3
1030,1,4,4,1,5
1031,3,2,5,2,7
1032,3,3,1,5,3
1033,1,4,4,1,5
1034,3,2,5,2,7
1035,1,4,4,1,5
1036,3,2,5,2,7
1037,1,4,3,4,2
1038,3,3,1,5,3
1039,2,1,3,4,1
1040,3,3,1,5,3
1041,3,3,1,3,3
1042,1,4,3,4,2
1043,3,2,5,2,7
1044,3,3,1,3,3
1045,2,1,3,4,2
1046,1,4,4,1,5
1047,1,4,4,1,5
1048,2,1,2,6,6
1049,2,1,2,6,6
1050,3,3,1,3,3
1051,3,3,1,5,3
1052,3,3,1,5,3
1053,3,2,5,2,7
1054,1,4,4,1,5
1055,3,3,1,3,3
1056,1,4,4,1,5
1057,3,2,5,2,7
1058,3,3,1,5,3
1059,3,3,1,3,3
1060,2,1,3,4,1
1061,3,2,5,2,4
1062,3,3,1,5,3
1063,3,3,1,5,3
1064,3,2,5,2,7
1065,3,3,1,5,3
1066,3,2,5,2,7
1067,3,3,1,3,3
1068,3,3,1,5,3
1069,3,3,1,3,3
1070,2,1,3,4,1
1071,3,2,5,2,7
1072,3,2,5,2,7
1073,3,2,5,2,4
1074,3,2,5,2,7
1075,2,1,2,6,6
1076,1,4,4,1,2
1077,3,3,1,5,3
1078,3,2,5,2,7
1079,3,2,5,2,7
1080,2,2,2,6,6
1081,2,1,3,4,1
1082,3,2,5,2,7
1083,1,4,4,1,2
1084,2,2,2,6,6
1085,2,1,2,6,4
1086,3,3,1,5,3
1087,3,3,1,5,3
1088,3,3,1,3,3
1089,3,2,5,2,7
1090,2,1,2,6,6
1091,1,4,3,4,2
1092,1,4,4,1,2
1093,2,1,3,4,1
1094,3,2,5,2,7
1095,2,1,3,4,1
1096,3,3,1,3,3
1097,3,2,5,2,7
1098,3,2,5,2,7
1099,3,3,1,5,3
1100,3,3,1,3,3
1101,3,3,1,3,3
1102,2,1,3,4,1
1103,3,2,2,6,4
1104,2,1,3,4,2
1105,3,2,5,2,7
1106,3,2,5,2,4
1107,3,2,5,2,7
1108,3,2,5,2,7
1109,3,2,5,2,7
1110,1,4,4,1,2
1111,1,4,4,1,2
1112,3,3,1,5,3
1113,3,3,1,5,3
1114,1,4,4,1,2
1115,1,4,3,4,2
1116,1,4,4,1,5
1117,3,3,1,5,3
1118,1,4,4,1,2
1119,3,2,5,2,7
1120,3,3,1,5,3
1121,3,3,1,3,3
1122,1,2,5,6,4
1123,2,1,3,4,1
1124,3,3,1,5,3
1125,3,2,5,2,7
1126,2,1,3,4,1
1127,3,2,5,2,4
1128,3,3,1,3,3
1129,3,2,5,2,7
1130,3,3,1,5,3
1131,3,3,1,5,3
1132,3,3,1,5,3
1133,3,2,5,2,7
1134,3,2,5,2,7
1135,3,3,1,5,3
1136,2,1,2,6,6
1137,3,3,1,5,3
1138,1,4,4,1,2
1139,3,3,1,5,3
1140,3,3,1,5,3
1141,3,3,1,3,3
1142,3,2,5,2,7
1143,3,3,1,5,5
1144,2,1,3,4,1
1145,1,4,4,1,5
1146,2,2,2,6,6
1147,3,3,1,5,3
1148,1,4,4,1,5
1149,3,2,5,2,4
1150,3,3,1,3,3
1151,3,3,1,5,3
1152,2,2,2,6,4
1153,2,1,3,4,1
1154,1,4,4,1,2
1155,3,3,1,5,3
1156,3,2,5,2,7
1157,2,1,3,4,1
1158,1,4,4,1,2
1159,3,2,5,2,7
1160,3,2,5,2,7
1161,3,2,5,2,7
1162,3,2,5,2,7
1163,2,1,3,4,1
1164,3,2,5,2,7
1165,3,2,5,2,7
1166,2,1,2,6,6
1167,2,2,2,6,7
1168,1,3,1,3,5
1169,1,4,3,3,1
1170,3,2,5,2,7
1171,1,4,4,1,2
1172,3,3,1,3,3
1173,3,3,1,3,3
1174,2,1,3,4,1
1175,2,1,3,4,1
1176,3,2,5,2,7
1177,1,4,4,1,5
1178,2,1,2,6,6
1179,3,2,5,2,7
1180,3,2,2,6,6
1181,3,3,1,3,3
1182,3,3,1,5,3
1183,3,2,5,2,7
1184,1,4,4,1,5
1185,1,4,4,1,5
1186,3,3,1,5,3
1187,1,4,4,1,2
1188,1,4,4,1,5
1189,2,1,2,3,6
1190,1,4,4,1,5
1191,3,2,5,2,4
1192,1,4,4,3,5
1193,3,2,5,2,7
1194,3,3,1,3,3
1195,3,2,5,2,7
1196,3,3,1,5,3
1197,2,1,2,6,6
1198,1,4,4,1,5
1199,3,3,1,5,3
1200,2,1,3,4,1
1201,3,2,5,2,7
1202,3,3,1,5,3
1203,3,3,1,5,3
1204,3,3,1,5,3
1205,1,4,4,1,2
1206,1,4,4,3,3
1207,1,4,4,1,2
1208,3,2,5,2,7
1209,3,3,1,3,3
1210,2,1,3,4,1
1211,3,3,1,5,3
1212,2,1,2,6,6
1213,2,1,2,6,6
1214,1,2,5,2,7
1215,3,2,5,2,4
1216,3,3,1,5,3
1217,1,4,4,1,5
1218,3,3,1,3,3
1219,3,2,5,2,7
1220,3,2,5,2,7
1221,1,4,4,1,5
1222,1,4,4,1,2
1223,3,3,1,5,3
1224,3,3,1,5,3
1225,2,1,2,6,6
1226,1,4,3,4,2
1227,3,3,1,3,4
1228,3,3,1,5,3
1229,2,1,3,4,1
1230,3,3,1,5,3
1231,3,3,1,3,3
1232,1,3,1,5,5
1233,3,3,1,5,3
1234,2,1,2,6,6
1235,2,1,3,4,1
1236,2,1,3,4,2
1237,2,1,3,4,1
1238,3,2,5,2,4
1239,3,3,1,3,3
1240,2,1,3,4,1
1241,3,3,1,5,3
1242,3,3,1,5,3
1243,3,3,1,5,3
1244,1,3,1,3,3
1245,3,3,1,3,4
1246,3,3,1,5,3
1247,2,2,2,6,4
1248,3,2,1,3,4
1249,2,1,2,6,6
1250,2,1,2,6,6
1251,2,1,2,6,6
1252,3,2,5,2,7
1253,1,2,5,2,4
1254,1,4,4,1,5
1255,3,3,1,5,3
1256,2,1,2,6,6
1257,1,2,5,2,4
1258,2,1,2,6,6
1259,3,2,5,2,7
1260,3,2,5,2,7
1261,3,3,1,5,3
1262,2,1,2,6,6
1263,3,2,5,2,7
1264,3,3,1,5,3
1265,3,2,5,2,7
1266,3,3,1,3,3
1267,3,3,1,5,3
1268,3,3,1,5,3
1269,3,2,5,2,4
1270,2,1,3,4,2
1271,3,3,1,5,3
1272,3,3,1,5,3
1273,3,3,1,5,3
1274,3,3,1,5,3
1275,2,1,3,4,1
1276,3,3,1,5,5
1277,2,1,3,4,1
1278,3,2,5,2,7
1279,3,3,1,3,3
1280,1,4,4,1,5
1281,3,2,5,2,7
1282,1,1,3,4,1
1283,1,4,4,1,2
1284,3,3,1,3,3
1285,3,3,1,5,3
1286,3,2,2,6,7
1287,3,3,1,3,4
1288,3,2,5,2,7
1289,1,4,4,1,5
1290,3,2,5,2,7
1291,3,3,1,5,3
1292,2,2,2,6,6
1293,3,3,1,3,3
1294,3,2,5,2,7
1295,2,1,2,6,6
1296,2,1,2,6,6
1297,3,3,1,5,3
1298,3,3,1,5,3
1299,3,2,5,2,7
1300,3,2,2,6,4
1301,3,3,1,5,3
1302,2,1,2,6,6
1303,3,3,1,3,3
1304,3,2,5,2,7
1305,2,1,3,4,1
1306,3,3,1,5,3
1307,3,2,5,2,4
1308,1,2,5,2,7
1309,2,1,3,3,1
1310,2,1,2,6,6
1311,3,2,5,2,7
1312,3,2,5,2,7
1313,2,1,3,4,1
1314,2,1,2,6,6
1315,3,3,1,5,3
1316,2,1,2,6,6
1317,3,3,1,5,3
1318,2,1,3,4,1
1319,2,1,3,4,6
1320,3,2,5,2,7
1321,3,3,1,3,3
1322,3,3,1,5,3
1323,3,3,1,3,3
1324,3,3,1,5,3
1325,3,3,1,5,3
1326,2,1,3,4,1
1327,1,4,4,1,5
1328,3,2,5,2,7
1329,3,2,5,2,7
1330,3,3,1,5,3
1331,3,2,5,2,7
1332,1,4,4,1,2
1333,3,3,1,5,3
1334,3,2,2,6,4
1335,3,3,1,3,3
1336,3,3,2,3,4
1337,1,4,4,1,5
1338,3,2,5,2,7
1339,3,3,1,3,3
1340,2,1,2,3,6
1341,2,1,3,4,1
1342,2,1,3,4,1
1343,3,3,1,5,3
1344,1,4,4,1,2
1345,3,2,5,2,4
1346,2,1,2,6,4
1347,3,2,5,2,4
1348,1,4,4,1,2
1349,2,1,4,1,5
1350,1,2,5,2,4
1351,2,1,2,6,6
1352,3,3,1,5,3
1353,2,2,2,6,4
1354,3,3,1,5,3
1355,3,3,1,3,3
1356,3,2,2,6,6
1357,1,4,3,4,2
1358,3,2,5,2,7
1359,1,4,4,1,2
1360,3,2,5,2,7
1361,3,3,1,5,3
1362,3,3,1,5,3
1363,2,1,2,6,6
1364,3,3,1,3,3
1365,3,2,5,2,7
1366,3,2,5,2,7
1367,3,3,1,5,3
1368,3,2,5,6,4
1369,3,3,1,5,3
1370,3,2,5,2,4
1371,2,1,3,3,1
1372,2,4,3,4,2
1373,3,2,5,2,4
1374,3,2,5,2,7
1375,2,2,2,6,4
1376,3,2,5,2,4
1377,1,2,5,2,7
1378,2,2,2,6,6
1379,1,4,4,1,2
1380,3,2,5,2,7
1381,3,3,1,3,4
1382,2,1,2,6,6
1383,3,3,1,3,3
1384,2,2,2,6,4
1385,2,2,2,6,6
1386,3,2,5,2,7
1387,3,3,1,3,3
1388,2,1,2,6,6
1389,3,3,1,5,3
1390,3,3,1,5,3
1391,3,2,5,2,7
1392,3,2,5,2,7
1393,3,3,1,5,3
1394,1,4,4,1,2
1395,3,3,1,5,3
1396,3,3,1,5,3
1397,2,1,2,6,6
1398,2,1,2,6,6
1399,3,3,1,5,3
1400,3,3,1,3,3
1401,3,3,1,5,3
1402,3,2,5,2,4
1403,1,2,5,1,4
1404,3,3,1,3,3
1405,2,1,2,6,6
1406,2,1,3,4,1
1407,3,2,5,2,7
1408,2,1,3,3,1
1409,3,3,1,3,3
1410,1,4,4,1,5
1411,3,2,2,6,4
1412,2,2,2,6,4
1413,3,2,5,2,4
1414,1,4,4,1,5
1415,3,3,1,5,3
1416,2,1,3,4,1
1417,1,1,3,4,2
1418,3,3,1,3,3
1419,1,1,3,4,1
1420,3,3,1,5,3
1421,3,3,1,5,3
1422,3,3,1,3,3
1423,3,3,1,5,5
1424,2,1,3,4,1
1425,3,3,1,5,3
1426,3,3,1,5,3
1427,3,3,1,3,3
1428,3,2,5,2,4
1429,1,2,2,6,4
1430,3,3,1,5,3
1431,2,1,3,4,1
1432,2,2,2,6,4
1433,1,4,4,1,2
1434,2,1,3,4,1
1435,2,1,3,4,1
1436,3,2,5,2,4
1437,3,2,2,6,6
1438,1,4,4,1,5
1439,2,1,2,6,6
1440,3,3,1,3,3
1441,2,1,3,4,1
1442,3,2,2,6,4
1443,3,2,5,2,4
1444,2,1,3,4,1
1445,3,2,5,2,4
1446,3,3,1,5,3
1447,3,3,1,3,3
1448,3,3,1,5,3
1449,3,3,1,3,3
1450,1,4,4,1,2
1451,3,3,1,5,3
1452,2,1,2,6,6
1453,1,4,3,4,2
1454,2,1,3,4,1
1455,3,2,2,6,7
1456,2,1,3,4,1
1457,3,3,1,5,3
1458,3,2,5,2,4
1459,2,1,3,4,1
1460,2,1,3,4,1
1461,2,1,2,6,6
1462,1,4,3,4,2
1463,1,4,4,1,5
1464,3,2,5,2,7
1465,3,3,1,5,3
1466,3,3,1,5,3
1467,1,4,3,4,2
1468,1,4,4,1,5
1469,1,4,4,1,5
1470,3,3,1,3,3
1471,2,1,3,4,1
1472,1,4,4,1,5
1473,3,3,1,3,3
1474,3,3,1,5,3
1475,1,4,4,1,2
1476,3,2,5,2,4
1477,2,1,2,6,6
1478,1,3,1,3,3
1479,2,1,3,4,1
1480,1,4,4,1,5
1481,3,3,1,5,3
1482,2,2,2,6,4
1483,3,2,5,2,7
1484,3,3,1,5,3
1485,2,1,3,4,1
1486,1,4,4,1,2
1487,1,4,3,4,2
1488,2,1,3,4,1
1489,3,3,1,3,3
1490,1,4,4,1,5
1491,3,3,1,3,3
1492,3,3,2,3,4
1493,1,4,3,4,2
1494,3,3,1,5,3
1495,3,3,2,3,3
1496,3,2,5,2,7
1497,3,2,5,2,7
1498,3,3,1,3,3
1499,3,2,5,2,7
1500,1,4,4,1,2
1501,3,2,5,2,7
1502,1,4,4,1,5
1503,3,3,1,5,3
1504,2,1,3,4,1
1505,3,3,1,5,3
1506,3,3,1,5,3
1507,3,2,5,2,7
1508,2,1,3,4,1
1509,3,2,2,6,4
1510,2,1,3,4,1
1511,3,3,1,5,3
1512,2,1,3,4,1
1513,3,2,5,2,7
1514,3,3,1,5,3
1515,1,4,4,1,2
1516,3,3,1,3,3
1517,1,4,1,3,5
1518,2,2,2,6,4
1519,3,3,1,3,3
1520,2,1,3,4,1
1521,2,1,3,4,1
1522,3,2,2,6,7
1523,1,4,4,1,5
1524,3,3,1,5,3
1525,3,3,1,3,3
1526,1,4,4,1,5
1527,2,1,2,3,6
1528,3,2,5,2,4
1529,2,1,4,1,5
1530,3,3,1,5,3
1531,1,4,4,1,2
1532,1,4,4,1,2
1533,3,2,5,2,7
1534,2,1,3,4,1
1535,1,4,4,1,5
1536,1,4,4,1,5
1537,2,1,3,4,1
1538,1,4,4,1,5
1539,2,1,2,6,6
1540,3,3,1,3,3
1541,3,2,2,6,6
1542,3,3,1,5,3
1543,3,2,5,2,7
1544,3,3,1,5,3
1545,3,3,1,3,3
1546,3,3,1,5,3
1547,3,2,5,2,7
1548,2,1,2,6,6
1549,1,4,3,4,2
1550,2,1,2,6,6
1551,3,3,1,5,3
1552,3,3,1,5,3
1553,1,4,4,1,2
1554,2,2,2,6,4
1555,3,3,1,5,3
1556,3,2,5,2,7
1557,1,4,4,1,2
1558,1,4,4,1,2
1559,3,2,5,2,4
1560,3,2,5,2,7
1561,3,2,5,2,7
1562,2,1,3,4,1
1563,3,2,5,2,4
1564,2,1,2,6,6
1565,1,4,4,1,2
1566,2,1,3,4,1
1567,3,2,2,6,7
1568,1,4,4,1,2
1569,1,4,4,1,5
1570,2,2,2,6,6
1571,3,3,1,5,3
1572,2,1,3,4,1
1573,1,4,3,4,2
1574,1,4,4,1,2
1575,1,4,4,1,5
1576,1,4,4,1,2
1577,3,3,1,5,3
1578,2,1,3,4,1
1579,3,3,1,5,3
1580,2,1,2,6,6
1581,2,1,2,6,2
1582,2,1,3,4,1
1583,1,4,4,1,5
1584,3,3,1,3,3
1585,3,2,2,6,4
1586,3,2,5,2,7
1587,3,2,5,2,7
1588,1,4,4,1,5
1589,3,3,1,5,3
1590,1,4,4,1,2
1591,3,3,1,5,3
1592,3,3,1,5,3
1593,3,3,1,3,3
1594,3,3,1,5,3
1595,3,3,1,5,3
1596,3,2,5,2,4
1597,3,3,1,5,3
1598,3,2,5,2,7
1599,3,3,1,3,3
1600,3,3,1,5,3
1601,3,2,5,2,7
1602,3,2,5,2,7
1603,1,2,2,6,4
1604,2,1,3,4,1
1605,3,3,1,3,3
1606,3,3,1,5,3
1607,3,3,1,3,3
1608,2,1,2,6,6
1609,3,2,5,2,7
1610,2,1,2,6,6
1611,3,3,1,5,3
1612,2,1,3,4,1
1613,3,2,5,2,7
1614,1,4,4,1,2
1615,2,1,3,4,1
1616,1,4,4,1,5
1617,3,2,2,6,7
1618,1,4,4,1,5
1619,2,1,3,4,1
1620,2,1,2,6,6
1621,2,1,3,4,2
1622,2,1,3,4,1
1623,3,2,5,2,7
1624,3,2,5,2,7
1625,1,2,2,6,4
1626,1,4,4,3,2
1627,2,1,3,4,1
1628,3,3,1,5,3
1629,2,1,3,4,1
1630,2,1,3,3,6
1631,3,2,5,2,7
1632,3,3,1,3,3
1633,1,4,3,4,2
1634,1,4,4,1,5
1635,3,3,1,5,3
1636,1,2,4,1,7
1637,3,3,1,5,3
1638,3,3,1,3,3
1639,3,3,1,5,3
1640,2,1,3,4,1
1641,3,2,5,2,7
1642,3,2,5,2,7
1643,3,2,5,2,7
1644,2,1,3,4,1
1645,3,2,5,2,7
1646,2,1,3,4,1
1647,3,3,1,3,3
1648,3,3,1,3,3
1649,2,2,2,6,6
1650,3,3,1,5,3
1651,2,1,3,4,1
1652,1,1,3,4,1
1653,1,4,4,3,2
1654,3,3,1,5,3
1655,3,3,1,3,3
1656,1,4,3,4,2
1657,1,4,4,1,2
1658,3,3,1,5,3
1659,1,4,4,1,2
1660,2,1,2,6,6
1661,2,1,3,4,1
1662,2,1,2,6,6
1663,2,1,3,4,1
1664,1,4,3,4,2
1665,2,2,2,6,4
1666,3,3,1,3,3
1667,2,3,2,3,6
1668,2,2,2,6,4
1669,1,4,3,4,2
1670,1,4,4,1,5
1671,3,3,1,5,3
1672,1,4,4,1,2
1673,1,4,4,1,5
1674,1,4,4,1,2
1675,3,2,5,2,7
1676,3,3,1,5,3
1677,3,2,5,2,4
1678,3,2,5,2,4
1679,3,2,5,2,7
1680,3,3,1,5,3
1681,3,2,5,2,7
1682,2,1,3,4,1
1683,3,2,5,2,7
1684,1,4,4,1,2
1685,3,3,1,5,3
1686,2,1,3,4,1
1687,3,3,1,5,3
1688,3,2,2,6,4
1689,3,2,5,2,7
1690,3,2,5,2,4
1691,3,2,5,2,4
1692,3,3,1,5,3
1693,3,3,1,5,3
1694,3,2,5,2,7
1695,3,2,5,2,7
1696,1,4,4,1,5
1697,3,2,5,2,7
1698,3,3,1,5,3
1699,3,3,1,5,3
1700,1,4,3,3,2
1701,3,3,1,3,3
1702,3,2,5,2,7
1703,2,1,2,6,6
1704,1,4,4,1,2
1705,1,4,4,3,2
1706,3,3,1,5,3
1707,3,2,5,2,7
1708,2,2,2,6,4
1709,1,4,4,1,5
1710,3,2,5,2,4
1711,2,1,3,4,1
1712,3,3,1,5,3
1713,1,4,4,1,2
1714,3,2,5,2,7
1715,2,3,3,3,2
1716,3,2,5,2,4
1717,3,3,1,5,3
1718,2,1,2,6,6
1719,1,4,3,4,2
1720,1,4,4,1,5
1721,1,4,3,4,2
1722,3,2,5,2,7
1723,3,2,5,2,7
1724,3,2,5,2,7
1725,1,4,4,1,5
1726,2,1,3,4,1
1727,3,3,1,5,3
1728,3,2,5,2,7
1729,1,4,3,4,2
1730,2,1,3,4,1
1731,2,1,2,6,6
1732,2,1,3,4,1
1733,3,3,1,5,3
1734,2,1,2,6,6
1735,1,4,4,1,2
1736,1,2,5,2,7
1737,3,3,1,5,3
1738,1,4,1,3,2
1739,2,1,3,4,1
1740,3,3,1,5,3
1741,3,2,5,2,7
1742,2,2,2,6,4
1743,3,3,1,5,3
1744,3,3,1,5,3
1745,1,4,4,1,5
1746,3,3,1,5,3
1747,2,1,3,4,1
1748,3,3,1,5,3
1749,3,3,1,3,3
1750,3,3,2,3,6
1751,1,4,4,1,2
1752,3,3,1,5,3
1753,3,3,1,5,3
1754,2,1,3,4,1
1755,3,2,5,2,7
1756,1,2,5,2,4
1757,3,2,5,2,7
1758,3,3,1,5,3
1759,3,2,5,2,7
1760,1,4,4,1,5
1761,2,1,3,4,2
1762,3,3,1,3,6
1763,1,4,4,1,5
1764,3,2,5,2,7
1765,3,3,1,5,3
1766,2,1,3,4,1
1767,3,3,1,5,3
1768,3,2,5,2,7
1769,2,2,2,6,4
1770,1,4,4,1,5
1771,2,2,2,6,4
1772,1,4,4,1,2
1773,2,2,2,6,4
1774,2,1,3,4,1
1775,3,3,1,3,3
1776,1,2,5,2,5
1777,2,1,2,6,6
1778,3,3,1,5,3
1779,3,2,5,2,7
1780,3,2,2,3,7
1781,1,4,4,1,2
1782,1,2,2,6,4
1783,2,1,3,4,1
1784,2,1,2,3,6
1785,3,2,2,6,4
1786,3,3,1,3,3
1787,2,1,2,6,6
1788,2,1,2,6,6
1789,2,3,2,3,6
1790,3,3,1,5,3
1791,3,3,1,5,3
1792,1,4,4,1,2
1793,3,2,5,2,7
1794,2,1,3,4,2
1795,2,1,2,6,6
1796,3,3,1,5,5
1797,3,3,1,5,3
1798,3,2,5,2,7
1799,3,3,1,3,3
1800,3,3,1,5,3
1801,1,4,4,1,5
1802,3,3,1,5,3
1803,3,2,5,2,7
1804,3,2,5,2,7
1805,3,2,5,2,7
1806,3,3,1,5,3
1807,1,4,4,1,5
1808,1,4,4,1,2
1809,3,2,5,2,4
1810,2,1,2,6,6
1811,2,2,2,6,4
1812,3,3,1,5,3
1813,2,1,3,4,1
1814,2,1,2,6,6
1815,1,4,4,1,2
1816,1,4,4,1,5
1817,3,2,5,2,4
1818,3,2,5,2,7
1819,3,2,5,2,7
1820,3,2,5,2,7
1821,2,1,2,6,6
1822,1,4,4,1,5
1823,1,4,4,1,2
1824,1,4,4,1,5
1825,3,3,1,3,3
1826,3,2,5,2,7
1827,3,2,5,2,4
1828,3,3,1,3,4
1829,2,1,2,6,6
1830,1,4,4,1,2
1831,3,3,1,5,3
1832,2,1,3,4,1
1833,3,2,2,2,4
1834,1,4,4,1,2
1835,3,3,1,5,3
1836,3,3,1,5,3
1837,3,3,1,5,3
1838,2,1,3,4,1
1839,1,3,1,3,3
1840,3,2,5,2,4
1841,1,4,4,3,5
1842,3,3,1,5,3
1843,3,3,1,5,3
1844,2,1,2,6,6
1845,3,2,5,2,7
1846,3,3,1,5,3
1847,2,2,2,6,6
1848,3,3,1,3,4
1849,2,1,3,4,1
1850,3,3,1,3,3
1851,3,3,1,3,3
1852,1,4,4,1,2
1853,3,3,1,5,3
1854,3,3,1,3,3
1855,2,1,3,4,1
1856,3,2,5,2,7
1857,1,2,5,2,4
1858,1,4,4,1,2
1859,3,2,5,2,7
1860,3,3,1,5,3
1861,3,2,5,2,7
1862,3,2,2,6,4
1863,3,3,1,5,4
1864,2,1,3,4,6
1865,3,3,1,5,3
1866,3,2,5,2,4
1867,3,2,5,2,7
1868,3,2,5,2,7
1869,1,3,1,3,3
1870,1,4,4,1,5
1871,3,3,1,3,3
1872,2,1,2,6,6
1873,3,2,5,2,7
1874,3,3,2,6,6
1875,3,3,1,5,3
1876,1,4,4,1,2
1877,3,3,1,3,4
1878,2,2,2,6,4
1879,3,3,1,5,3
1880,3,3,1,5,3
1881,1,4,4,1,5
1882,3,3,1,5,3
1883,3,3,1,3,3
1884,3,3,1,5,3
1885,3,2,5,2,4
1886,2,1,3,4,1
1887,3,3,1,5,3
1888,1,4,4,1,2
1889,3,3,1,3,3
1890,3,3,1,3,3
1891,3,3,1,5,3
1892,2,1,2,6,6
1893,2,1,2,6,4
1894,3,2,5,2,7
1895,3,2,5,2,7
1896,3,3,1,5,3
1897,3,3,1,5,3
1898,2,4,3,4,2
1899,3,3,1,5,3
1900,3,3,1,3,3
1901,3,2,5,2,7
1902,3,3,1,5,3
1903,3,3,1,5,3
1904,3,2,5,2,7
1905,3,2,5,2,7
1906,3,2,5,2,7
1907,2,2,2,6,4
1908,1,4,4,1,2
1909,3,2,2,6,4
1910,2,4,3,4,2
1911,2,2,2,6,6
1912,3,3,1,3,3
1913,3,2,5,2,4
1914,1,4,3,4,2
1915,3,3,1,3,3
1916,3,3,1,5,3
1917,3,2,5,2,7
1918,2,1,3,4,1
1919,2,1,3,4,1
1920,3,3,1,5,3
1921,3,2,5,2,7
1922,3,2,5,2,7
1923,1,4,4,1,2
1924,1,4,3,4,2
1925,3,3,1,5,3
1926,3,3,1,5,3
1927,2,1,2,6,6
1928,3,3,1,5,3
1929,1,4,4,1,2
1930,3,3,1,3,3
1931,1,4,4,1,2
1932,3,3,1,3,3
1933,2,1,3,4,1
1934,2,1,3,4,2
1935,1,4,4,3,2
1936,2,1,3,4,1
1937,3,3,1,3,3
1938,3,2,5,2,7
1939,3,2,5,2,7
1940,1,2,4,1,5
1941,3,3,1,3,3
1942,2,1,2,6,6
1943,3,3,1,5,3
1944,3,2,2,6,4
1945,2,2,2,6,4
1946,3,2,5,2,7
1947,3,3,1,5,3
1948,1,4,4,1,5
1949,3,2,5,2,7
1950,3,2,5,2,7
1951,1,4,3,4,2
1952,3,3,1,3,7
1953,1,4,4,1,5
1954,3,3,1,5,3
1955,1,4,4,1,2
1956,1,4,4,1,2
1957,3,2,2,6,4
1958,3,3,1,3,3
1959,3,2,5,2,4
1960,3,3,1,5,3
1961,1,4,3,4,1
1962,3,3,1,3,3
1963,2,1,2,6,6
1964,2,1,2,6,4
1965,2,1,3,4,1
1966,3,3,1,5,3
1967,2,1,2,6,6
1968,3,3,1,3,7
1969,3,3,1,5,3
1970,3,3,1,3,3
1971,1,4,4,1,2
1972,3,2,5,2,7
1973,1,4,4,3,2
1974,3,3,1,5,3
1975,1,4,4,1,5
1976,3,3,1,5,3
1977,3,2,5,2,7
1978,3,3,1,5,3
1979,2,1,3,4,1
1980,3,3,1,5,3
1981,2,1,2,6,6
1982,3,3,1,3,3
1983,3,2,5,2,7
1984,3,3,1,5,3
1985,3,2,5,2,7
1986,2,2,2,6,6
1987,1,2,5,2,4
1988,3,3,1,5,3
1989,3,3,1,3,3
1990,2,1,3,4,1
1991,3,3,2,3,4
1992,1,4,3,4,2
1993,1,4,4,1,2
1994,3,3,1,3,3
1995,1,4,4,1,5
1996,3,2,5,2,7
1997,1,4,4,3,2
1998,3,2,5,2,7
1999,3,2,5,2,7
2000,3,2,5,2,7
2001,2,1,2,6,6
2002,3,3,1,5,3
2003,1,4,4,1,2
2004,3,2,5,2,7
2005,1,2,5,2,4
2006,3,2,5,2,7
2007,3,3,1,5,3
2008,3,3,1,5,3
2009,2,1,3,4,1
2010,2,2,2,6,6
2011,1,3,1,3,5
2012,3,3,1,3,3
2013,2,2,2,6,4
2014,3,3,1,5,3
2015,3,3,1,3,7
2016,3,3,1,5,3
2017,2,2,2,6,6
2018,3,3,1,5,3
2019,2,1,2,6,4
2020,3,3,1,5,3
2021,2,1,4,1,5
2022,3,3,1,5,3
2023,3,3,1,3,3
2024,3,3,1,5,3
2025,3,3,1,3,3
2026,3,3,1,5,3
2027,3,3,1,5,3
2028,2,2,2,6,4
2029,3,3,1,3,3
2030,3,2,5,2,7
2031,3,3,1,5,3
2032,2,1,3,4,1
2033,1,4,3,4,2
2034,3,3,1,3,6
2035,3,3,1,5,3
2036,3,3,2,3,6
2037,2,1,3,4,1
2038,3,3,1,5,3
2039,3,2,5,2,7
2040,2,1,3,4,1
2041,3,3,1,5,3
2042,3,2,5,2,7
2043,2,1,3,4,1
2044,1,4,4,1,5
2045,1,4,4,1,2
2046,1,3,1,3,3
2047,3,3,1,5,3
2048,3,2,2,6,6
2049,2,1,2,6,6
2050,3,2,5,2,7
2051,2,2,2,6,7
2052,2,1,3,4,1
2053,2,1,3,4,1
2054,3,3,1,5,3
2055,3,2,5,2,7
2056,3,3,1,5,3
2057,3,2,2,6,4
2058,3,2,5,2,7
2059,3,3,1,5,3
2060,3,3,1,3,3
2061,2,1,2,6,6
2062,2,1,3,4,1
2063,3,3,1,3,3
2064,3,2,5,2,7
2065,3,2,5,2,4
2066,2,1,3,4,5
2067,3,3,1,5,3
2068,3,2,5,2,7
2069,3,2,5,6,7
2070,3,3,1,5,3
2071,3,2,5,2,7
2072,3,2,5,2,7
2073,3,3,1,3,3
2074,1,4,4,1,2
2075,2,1,2,6,6
2076,3,3,1,3,3
2077,3,3,1,3,3
2078,1,4,4,3,2
2079,1,4,4,1,2
2080,2,1,2,6,6
2081,2,1,2,3,6
2082,3,2,5,2,4
2083,3,2,5,2,4
2084,3,3,1,5,3
2085,1,3,1,3,5
2086,3,2,5,2,4
2087,1,4,4,1,5
2088,3,2,5,2,7
2089,2,1,2,6,6
2090,3,2,5,2,7
2091,3,3,1,5,3
2092,3,3,1,5,3
2093,3,3,1,5,3
2094,3,2,5,2,7
2095,3,2,5,2,7
2096,1,4,4,1,2
2097,3,3,1,3,4
2098,3,3,1,3,3
2099,1,4,4,1,5
2100,3,3,1,5,3
2101,3,2,5,2,7
2102,3,3,1,3,3
2103,3,3,1,3,4
2104,2,1,3,4,1
2105,3,3,1,3,3
2106,2,1,2,3,6
2107,2,1,3,4,1
2108,3,2,2,6,4
2109,3,2,5,2,7
2110,3,2,5,2,7
2111,2,1,2,6,6
2112,1,4,4,3,5
2113,2,2,2,6,6
2114,3,2,5,2,7
2115,1,4,4,1,2
2116,3,2,5,2,7
2117,1,4,4,1,5
2118,3,3,1,5,3
2119,3,3,1,2,7
2120,1,3,1,3,5
2121,3,2,5,2,7
2122,3,3,1,5,3
2123,2,1,3,4,2
2124,3,3,1,5,3
2125,3,2,5,2,7
2126,2,1,2,6,6
2127,1,4,4,1,5
2128,3,2,2,6,4
2129,3,2,5,2,7
2130,1,4,3,4,2
2131,1,3,1,3,3
2132,2,1,2,6,6
2133,2,1,3,4,1
2134,1,4,4,1,5
2135,3,3,1,3,3
2136,1,4,4,1,5
2137,1,4,4,1,5
2138,1,4,4,1,5
2139,1,4,4,1,5
2140,3,3,1,5,3
2141,3,2,2,6,4
2142,2,2,2,6,4
2143,3,2,5,2,7
2144,2,1,3,4,1
2145,3,2,5,2,7
2146,3,2,5,2,7
2147,3,3,1,3,4
2148,1,4,4,1,5
2149,3,2,5,2,7
2150,2,1,3,4,1
2151,2,1,2,6,6
2152,2,1,3,4,1
2153,3,3,1,5,3
2154,3,3,1,3,4
2155,2,1,3,4,1
2156,3,2,5,2,7
2157,3,3,1,3,4
2158,3,3,1,5,3
2159,3,3,2,6,6
2160,1,4,3,4,2
2161,3,3,2,3,6
2162,3,2,5,2,7
2163,2,1,3,4,1
2164,3,2,5,2,7
2165,3,2,5,2,7
2166,3,2,5,2,7
2167,2,2,2,6,6
2168,3,3,1,5,3
2169,1,4,4,1,2
2170,3,3,1,5,3
2171,3,3,1,5,3
2172,3,2,5,2,7
2173,3,3,1,5,3
2174,1,4,4,1,5
2175,3,3,1,5,3
2176,3,3,1,5,3
2177,3,3,1,5,3
2178,1,4,4,1,5
2179,1,2,2,6,4
2180,3,2,5,2,7
2181,3,3,1,5,3
2182,2,1,3,4,1
2183,3,2,5,2,7
2184,3,2,5,2,7
2185,3,3,1,5,3
2186,3,2,5,2,7
2187,3,3,1,3,3
2188,3,3,1,3,3
2189,3,3,1,3,3
2190,3,3,1,5,3
2191,1,4,3,4,2
2192,3,2,5,2,7
2193,1,4,3,4,2
2194,3,2,5,2,7
2195,3,2,2,6,7
2196,1,4,4,1,2
2197,3,3,1,3,3
2198,1,4,4,1,5
2199,3,2,2,6,4
2200,2,1,3,4,1
2201,3,2,5,2,7
2202,2,1,3,4,2
2203,3,2,5,2,7
2204,2,1,3,4,1
2205,3,3,1,3,3
2206,3,3,1,5,3
2207,1,4,4,3,2
2208,3,3,1,3,3
2209,1,4,3,4,2
2210,1,4,4,3,2
2211,3,2,5,2,7
2212,3,2,5,3,4
2213,3,2,5,2,7
2214,3,3,1,5,3
2215,3,2,5,2,7
2216,2,1,3,3,1
2217,2,1,3,3,1
2218,3,2,2,6,4
2219,3,3,1,5,3
2220,1,4,4,1,5
2221,3,3,1,3,3
2222,1,4,4,1,5
2223,3,2,5,2,7
2224,3,2,5,2,4
2225,3,3,1,5,3
2226,2,1,3,4,1
2227,2,1,2,6,6
2228,3,2,2,6,4
2229,1,2,4,1,4
2230,1,4,4,1,5
2231,3,3,1,5,3
2232,3,2,5,2,7
2233,1,4,4,1,5
2234,2,1,2,6,6
2235,1,4,4,1,5
2236,3,2,5,2,4
2237,3,3,1,5,5
2238,2,1,2,6,6
2239,3,2,5,2,3
2240,1,4,4,1,5
2241,3,2,5,2,7
2242,3,3,1,5,3
2243,3,3,1,5,3
2244,3,3,1,5,3
2245,2,1,3,4,1
2246,3,3,1,5,3
2247,3,3,1,5,3
2248,3,2,5,2,4
2249,1,4,4,1,2
2250,3,3,1,3,3
2251,3,2,5,2,7
2252,2,1,3,4,2
2253,1,4,4,1,2
2254,1,4,4,1,5
2255,3,3,1,5,3
2256,1,4,4,1,5
2257,1,4,3,4,2
2258,3,3,1,5,3
2259,3,3,1,5,3
2260,2,1,3,4,2
2261,3,2,5,2,7
2262,3,2,5,2,7
2263,3,3,1,5,3
2264,3,2,5,2,7
2265,1,4,4,1,5
2266,3,2,5,2,7
2267,3,2,2,6,4
2268,1,4,4,1,2
2269,1,4,3,4,2
2270,3,2,5,2,7
2271,3,2,5,2,7
2272,3,3,2,6,6
2273,3,2,5,6,4
2274,2,2,2,6,6
2275,2,1,2,6,6
2276,3,3,1,3,3
2277,1,4,3,4,2
2278,3,3,1,3,3
2279,3,3,1,5,3
2280,1,4,4,1,5
2281,3,2,5,2,4
2282,3,2,5,2,7
2283,1,4,4,1,2
2284,3,2,5,2,4
2285,1,4,3,4,2
2286,3,2,5,6,7
2287,2,1,3,4,1
2288,3,3,1,3,3
2289,1,4,4,1,2
2290,3,2,5,2,7
2291,1,4,4,1,2
2292,2,1,2,6,6
2293,3,3,1,5,3
2294,3,2,5,2,7
2295,1,4,4,1,5
2296,1,4,3,4,2
2297,3,2,2,6,6
2298,3,2,5,2,7
2299,2,1,2,6,6
2300,1,4,4,1,5
2301,2,1,3,3,2
2302,3,2,5,6,6
2303,3,3,1,5,3
2304,3,3,1,5,3
2305,2,1,3,4,2
2306,2,2,2,6,4
2307,3,3,1,5,3
2308,3,2,5,2,7
2309,3,3,1,5,3
2310,3,3,1,5,3
2311,1,4,4,1,1
2312,2,1,3,4,5
2313,3,2,5,2,7
2314,2,1,3,4,1
2315,2,1,3,4,2
2316,3,2,5,2,7
2317,3,2,5,2,4
2318,2,1,3,4,1
2319,3,2,5,2,7
2320,1,4,4,1,2
2321,1,4,4,1,5
2322,3,2,5,2,7
2323,3,2,5,2,7
2324,3,2,2,6,6
2325,1,4,3,4,2
2326,1,4,4,1,2
2327,3,2,5,2,7
2328,2,1,3,4,1
2329,2,2,2,6,4
2330,3,2,2,6,4
2331,2,3,2,3,6
2332,2,1,2,6,6
2333,2,1,2,6,4
2334,3,3,1,5,3
2335,3,2,5,2,7
2336,2,1,3,4,1
2337,1,4,4,1,5
2338,3,2,5,2,7
2339,2,1,3,4,1
2340,3,3,1,5,3
2341,1,2,5,2,7
2342,3,2,2,6,4
2343,1,4,4,1,2
2344,3,2,5,2,7
2345,3,2,2,6,4
2346,1,4,4,1,5
2347,1,4,4,1,5
2348,3,2,1,3,7
2349,3,3,1,3,3
2350,1,4,4,1,5
2351,3,3,1,5,3
2352,2,1,3,4,1
2353,3,2,5,2,7
2354,2,2,2,6,6
2355,3,3,1,5,3
2356,1,4,3,4,1
2357,2,1,3,4,1
2358,2,1,3,4,1
2359,3,2,5,2,7
2360,3,2,5,2,7
2361,2,3,1,3,3
2362,1,4,4,1,2
2363,1,4,4,1,5
2364,1,4,2,6,4
2365,1,4,4,1,5
2366,2,1,3,4,1
2367,1,4,4,1,2
2368,2,1,2,6,6
2369,2,1,2,6,6
2370,3,2,5,2,7
2371,1,4,4,1,5
2372,3,3,1,3,4
2373,2,1,2,6,6
2374,1,4,4,1,5
2375,1,4,4,1,2
2376,3,3,1,3,3
2377,1,4,4,1,5
2378,3,3,1,3,3
2379,1,4,4,1,2
2380,3,3,1,3,3
2381,2,1,3,4,2
2382,3,2,5,2,7
2383,3,3,1,5,3
2384,1,4,4,1,2
2385,3,2,2,6,4
2386,1,4,4,1,2
2387,3,3,1,5,3
2388,2,1,3,4,1
2389,3,3,1,5,3
2390,1,4,4,1,5
2391,2,2,2,6,7
2392,3,2,5,2,4
2393,3,3,1,5,3
2394,3,2,5,2,7
2395,3,3,1,5,3
2396,1,4,4,3,2
2397,3,3,1,5,3
2398,3,2,5,2,7
2399,2,1,3,4,1
2400,1,4,4,1,2
2401,3,2,5,6,4
2402,3,2,5,2,7
2403,3,2,5,2,7
2404,3,3,1,5,3
2405,1,4,4,1,5
2406,2,1,2,6,4
2407,3,2,5,2,7
2408,2,1,2,6,6
2409,3,2,5,2,7
2410,2,1,3,4,2
2411,3,3,1,5,3
2412,2,1,3,4,1
2413,1,4,4,1,2
2414,3,2,5,2,4
2415,2,1,2,6,6
2416,2,1,3,4,1
2417,1,2,4,1,5
2418,1,4,4,1,2
2419,3,3,1,5,3
2420,1,4,4,1,5
2421,2,2,2,6,4
2422,1,4,5,2,4
2423,3,2,5,2,7
2424,3,2,5,2,7
2425,1,4,4,1,2
2426,2,1,3,4,1
2427,1,4,4,1,2
2428,1,4,4,1,5
2429,3,2,5,2,7
2430,2,1,3,4,1
2431,2,1,3,4,1
2432,2,1,2,6,6
2433,1,4,4,1,2
2434,2,1,3,4,1
2435,1,4,4,1,5
2436,3,3,1,5,3
2437,2,1,3,4,1
2438,3,3,1,3,3
2439,2,1,3,4,5
2440,1,4,3,4,2
2441,2,1,2,6,6
2442,1,4,4,1,2
2443,1,4,3,4,2
2444,1,4,4,1,2
2445,1,4,4,1,5
2446,3,3,1,5,3
2447,1,4,4,1,5
2448,3,3,1,3,3
2449,1,4,4,1,5
2450,2,1,3,4,1
2451,1,4,4,1,5
2452,2,2,2,6,4
2453,3,3,1,3,3
2454,3,3,1,3,3
2455,3,2,2,6,4
2456,3,3,1,3,3
2457,3,3,1,3,3
2458,1,4,4,1,5
2459,3,2,5,2,7
2460,3,2,5,2,7
2461,3,3,1,5,3
2462,3,3,1,5,3
2463,1,3,4,3,5
2464,1,4,4,1,2
2465,3,3,1,5,3
2466,3,3,1,3,3
2467,1,4,4,1,2
2468,1,4,4,1,5
2469,3,2,5,2,7
2470,2,1,3,4,1
2471,2,1,2,6,6
2472,3,3,1,5,3
2473,2,1,3,4,1
2474,2,1,2,6,6
2475,1,4,4,1,5
2476,2,1,3,4,1
2477,3,2,5,2,4
2478,3,2,5,2,7
2479,3,2,5,2,7
2480,3,2,5,2,7
2481,3,3,1,5,3
2482,2,1,3,4,1
2483,3,2,5,2,7
2484,3,3,1,5,3
2485,3,2,5,2,7
2486,3,3,1,5,3
2487,2,1,2,6,6
2488,2,1,3,4,6
2489,3,3,1,3,3
2490,2,1,3,4,1
2491,2,1,3,4,1
2492,1,2,5,2,7
2493,2,2,2,6,4
2494,2,2,2,6,4
2495,1,4,4,1,2
2496,3,3,1,3,3
2497,3,2,5,2,7
2498,2,1,2,6,6
2499,2,1,2,6,6
2500,2,1,3,4,5
2501,3,3,1,5,3
2502,1,4,3,4,2
2503,3,2,5,2,4
2504,3,2,5,2,7
2505,1,4,4,1,2
2506,3,3,1,3,3
2507,3,3,1,5,3
2508,1,4,4,1,5
2509,2,1,3,4,1
2510,3,2,5,2,4
2511,3,3,2,3,6
2512,2,1,3,4,2
2513,1,4,4,1,5
2514,2,1,2,6,6
2515,2,2,2,6,4
2516,1,4,3,4,2
2517,1,4,3,4,2
2518,3,2,5,2,7
2519,1,4,4,1,2
2520,2,1,2,6,6
2521,1,4,4,1,5
2522,1,4,4,1,5
2523,3,3,1,5,4
2524,2,1,2,6,6
2525,2,1,3,4,1
2526,3,3,1,5,3
2527,2,1,3,4,1
2528,2,1,2,6,6
2529,3,3,1,5,3
2530,2,1,3,4,1
2531,2,1,2,6,6
2532,2,1,3,4,1
2533,1,4,4,1,5
2534,2,1,3,4,1
2535,1,2,2,6,4
2536,2,1,3,4,1
2537,3,2,1,3,7
2538,1,1,3,4,1
2539,2,1,3,4,1
2540,3,3,1,5,3
2541,1,4,4,1,5
2542,1,4,3,4,2
2543,1,4,4,1,2
2544,3,3,1,5,3
2545,1,4,4,1,5
2546,3,3,1,3,3
2547,3,3,1,5,3
2548,2,2,2,6,4
2549,2,1,3,4,1
2550,3,2,5,2,7
2551,1,4,4,1,2
2552,1,2,5,2,7
2553,2,1,3,4,1
2554,2,1,3,4,1
2555,3,2,5,2,7
2556,2,1,2,6,6
2557,2,1,2,6,6
2558,1,4,4,1,5
2559,3,2,5,2,7
2560,1,4,4,1,5
2561,1,4,4,1,5
2562,3,2,5,2,7
2563,2,1,3,4,1
2564,1,4,4,1,2
2565,3,2,5,2,7
2566,3,2,5,2,7
2567,3,3,1,5,3
2568,1,2,2,6,4
2569,3,2,5,2,7
2570,2,1,3,4,1
2571,1,4,4,1,5
2572,3,3,1,5,3
2573,3,2,5,2,7
2574,3,2,5,2,7
2575,3,2,5,2,7
2576,3,3,1,3,3
2577,1,4,3,4,5
2578,2,1,2,6,6
2579,3,2,5,2,7
2580,1,4,4,1,5
2581,3,3,1,5,3
2582,1,4,3,3,2
2583,3,2,5,2,7
2584,2,1,3,4,1
2585,3,2,5,2,7
2586,3,3,1,5,3
2587,2,1,3,4,1
2588,1,4,4,1,2
2589,3,3,1,3,3
2590,3,2,5,2,7
2591,3,2,5,2,7
2592,3,3,1,5,3
2593,3,3,1,5,3
2594,3,2,5,2,7
2595,3,3,1,3,3
2596,2,1,2,6,6
2597,1,4,4,1,5
2598,2,1,2,6,6
2599,3,2,5,2,7
2600,1,4,3,4,2
2601,3,3,2,3,6
2602,2,1,3,4,1
2603,1,4,4,1,5
2604,1,4,4,1,5
2605,3,3,1,5,3
2606,3,3,1,5,5
2607,3,3,1,5,3
2608,3,3,1,5,3
2609,3,3,1,5,3
2610,1,4,4,1,2
2611,3,3,1,3,3
2612,2,3,2,3,4
2613,1,4,4,1,2
2614,2,1,3,4,1
2615,2,3,2,3,6
2616,1,4,4,1,2
2617,3,3,1,3,3
2618,1,4,4,1,5
2619,3,3,1,5,3
2620,2,2,2,6,6
2621,3,2,5,2,7
2622,2,1,3,4,1
2623,1,4,4,1,2
2624,3,2,5,2,7
2625,2,1,3,4,1
2626,2,1,3,4,1
2627,3,3,1,3,3
2628,1,4,4,3,2
2629,3,2,5,2,7
2630,1,4,4,1,2
2631,3,3,1,5,3
2632,2,1,2,6,6
2633,3,3,1,3,3
2634,3,3,1,5,3
2635,1,4,3,4,2
2636,1,4,4,1,2
2637,2,2,2,6,4
2638,3,3,1,3,3
2639,1,4,4,1,2
2640,1,4,4,1,2
2641,3,3,1,5,3
2642,2,1,2,6,6
2643,3,3,1,3,3
2644,1,4,3,4,2
2645,3,2,5,2,7
2646,2,1,3,4,1
2647,2,1,2,6,6
2648,3,2,5,2,4
2649,3,3,1,3,3
2650,1,4,4,1,2
2651,2,1,2,6,6
2652,1,4,4,1,5
2653,3,2,2,6,7
2654,1,3,1,3,2
2655,3,2,5,2,4
2656,1,4,4,1,5
2657,1,4,3,4,2
2658,1,4,4,1,2
2659,3,3,1,3,3
2660,1,4,4,1,2
2661,1,4,4,1,5
2662,2,1,2,6,6
2663,3,3,1,3,3
2664,3,2,5,2,7
2665,3,3,1,3,3
2666,1,4,4,1,5
2667,2,1,3,4,1
2668,3,2,5,2,4
2669,3,3,1,3,6
2670,3,3,1,5,3
2671,1,4,3,4,2
2672,2,2,2,6,6
2673,2,1,3,4,1
2674,3,3,2,3,6
2675,1,4,3,4,2
2676,3,2,5,2,7
2677,2,1,3,4,1
2678,2,2,2,6,6
2679,3,3,1,5,3
2680,3,2,5,2,7
2681,1,4,4,1,5
2682,2,1,2,6,6
2683,3,2,5,2,7
2684,3,3,1,5,3
2685,3,3,1,3,3
2686,1,4,3,4,2
2687,2,1,3,4,1
2688,1,4,4,1,5
2689,3,2,5,2,7
2690,2,1,3,4,5
2691,3,3,1,5,3
2692,1,4,4,1,5
2693,3,2,5,2,7
2694,3,2,5,2,7
2695,3,3,1,5,3
2696,2,1,2,6,6
2697,2,1,3,4,1
2698,3,3,1,3,3
2699,3,2,5,2,7
2700,3,3,1,3,3
2701,3,2,5,2,4
2702,2,1,3,4,1
2703,3,2,5,2,7
2704,3,2,5,2,7
2705,2,1,3,4,1
2706,1,4,4,1,2
2707,1,4,3,4,2
2708,2,1,3,4,1
2709,2,2,2,6,4
2710,2,1,3,4,1
2711,2,1,2,6,2
2712,1,4,4,1,5
2713,1,4,3,4,2
2714,1,4,4,1,5
2715,1,4,4,1,5
2716,3,2,5,2,7
2717,2,1,2,6,6
2718,1,4,4,1,5
2719,3,3,1,5,3
2720,2,1,3,4,1
2721,1,4,3,4,2
2722,2,2,2,6,4
2723,1,4,4,3,2
2724,3,3,1,5,3
2725,1,4,4,3,5
2726,3,3,1,5,3
2727,3,2,5,2,7
2728,1,4,4,1,5
2729,1,4,4,1,2
2730,3,3,1,5,3
2731,3,3,1,5,3
2732,2,1,2,6,6
2733,2,1,3,3,1
2734,1,4,4,1,4
2735,2,1,3,4,1
2736,3,3,1,3,3
2737,3,3,1,5,3
2738,3,2,5,2,4
2739,1,4,4,1,2
2740,3,2,5,2,7
2741,2,1,2,6,6
2742,3,2,5,2,7
2743,3,3,1,5,3
2744,2,1,3,4,1
2745,3,2,5,2,7
2746,3,3,1,3,5
2747,1,4,4,1,5
2748,2,2,2,6,6
2749,3,2,2,6,4
2750,1,4,4,1,5
2751,3,3,1,3,3
2752,3,3,1,3,3
2753,3,2,5,2,7
2754,1,4,4,1,5
2755,1,4,4,1,2
2756,3,2,5,2,7
2757,3,3,1,5,3
2758,1,4,4,1,2
2759,2,1,3,4,1
2760,2,2,2,6,6
2761,3,3,1,5,3
2762,1,4,4,1,5
2763,1,4,3,4,2
2764,3,3,1,5,3
2765,3,2,5,2,7
2766,3,2,5,2,7
2767,2,1,2,6,6
2768,3,3,1,5,3
2769,3,3,1,5,3
2770,1,4,4,1,2
2771,3,2,5,2,7
2772,3,2,5,2,7
2773,3,3,1,3,3
2774,3,3,1,5,3
2775,3,2,2,6,4
2776,3,2,5,2,7
2777,3,3,1,5,3
2778,3,3,1,5,3
2779,3,3,1,5,3
2780,3,2,2,6,4
2781,3,3,1,5,3
2782,1,4,4,1,2
2783,3,2,2,6,4
2784,3,3,1,5,3
2785,1,4,4,1,5
2786,3,3,1,5,3
2787,3,3,1,5,3
2788,3,3,1,5,3
2789,3,2,5,2,7
2790,3,2,5,2,7
2791,2,1,2,6,6
2792,1,4,4,3,5
2793,3,3,1,5,3
2794,3,3,1,5,3
2795,3,3,1,5,3
2796,2,1,2,3,2
2797,2,1,3,4,2
2798,3,3,1,5,3
2799,1,4,3,4,2
2800,1,4,4,1,5
2801,2,1,3,4,2
2802,3,3,1,3,3
2803,3,3,1,3,3
2804,1,4,4,1,5
2805,3,3,1,5,3
2806,1,4,4,1,5
2807,3,3,1,3,3
2808,3,2,5,2,7
2809,3,2,5,2,7
2810,3,2,5,2,7
2811,3,3,1,3,3
2812,3,2,5,2,7
2813,2,1,2,6,6
2814,3,2,5,2,7
2815,1,4,3,4,5
2816,2,1,2,6,6
2817,3,2,5,2,7
2818,3,3,1,5,3
2819,2,1,3,4,1
2820,3,3,1,3,3
2821,2,2,2,6,6
2822,1,2,2,6,4
2823,2,1,3,4,1
2824,3,2,5,2,7
2825,3,3,1,5,3
2826,3,3,1,5,3
2827,2,1,3,4,1
2828,3,2,5,2,7
2829,2,1,2,6,6
2830,3,2,5,2,7
2831,1,4,4,1,2
2832,3,3,1,5,3
2833,3,2,5,2,4
2834,2,1,3,4,1
2835,3,2,5,2,4
2836,3,2,5,2,7
2837,3,2,5,2,7
2838,3,3,1,5,3
2839,2,2,2,6,4
2840,3,3,1,3,3
2841,3,3,1,5,3
2842,3,2,5,2,7
2843,1,4,3,4,2
2844,2,3,2,3,6
2845,3,2,5,2,7
2846,3,2,5,2,4
2847,3,3,1,3,3
2848,1,4,4,1,5
2849,3,3,1,5,3
2850,2,1,3,3,1
2851,2,1,3,4,1
2852,3,2,5,2,7
2853,1,4,4,1,2
2854,3,3,1,3,3
2855,2,1,3,4,1
2856,3,3,1,3,3
2857,3,2,5,2,7
2858,1,4,4,1,2
2859,3,3,1,5,3
2860,3,3,1,5,3
2861,3,3,2,3,3
2862,1,4,4,1,5
2863,3,3,1,3,3
2864,1,4,3,4,2
2865,3,2,5,2,4
2866,3,2,5,2,7
2867,1,4,4,1,5
2868,3,3,1,5,3
2869,1,4,4,1,2
2870,3,3,1,3,3
2871,2,1,3,4,1
2872,3,3,1,5,3
2873,3,2,5,2,7
2874,3,2,5,2,7
2875,3,2,5,2,7
2876,3,2,5,2,7
2877,3,3,1,3,4
2878,3,3,1,5,3
2879,2,1,2,6,6
2880,3,2,5,2,7
2881,3,2,5,2,7
2882,1,4,4,1,2
2883,3,3,1,3,3
2884,1,4,4,1,2
2885,3,3,1,5,3
2886,2,1,4,1,5
2887,3,3,1,5,3
2888,3,2,5,2,7
2889,3,2,5,2,7
2890,2,2,2,6,6
2891,2,1,2,6,4
2892,3,3,5,2,7
2893,2,1,3,4,1
2894,1,4,4,1,5
2895,3,3,1,5,3
2896,3,2,5,2,7
2897,3,2,5,2,7
2898,3,2,5,2,4
2899,3,2,5,2,7
2900,3,3,1,5,3
2901,3,3,1,5,3
2902,1,4,4,1,2
2903,1,4,4,1,5
2904,2,1,3,4,5
2905,3,3,1,5,3
2906,3,2,5,2,7
2907,3,2,5,2,7
2908,2,1,3,4,1
2909,3,3,1,5,3
2910,1,4,4,1,2
2911,1,2,5,2,4
2912,1,4,3,4,2
2913,3,3,1,5,3
2914,1,3,1,5,5
2915,3,3,1,5,3
2916,3,3,1,5,3
2917,3,3,1,3,3
2918,3,3,1,5,3
2919,1,4,4,1,5
2920,1,4,4,1,2
2921,3,2,2,6,7
2922,3,2,5,2,7
2923,2,1,4,1,5
2924,3,2,5,2,7
2925,1,4,4,1,2
2926,3,2,5,2,7
2927,3,2,5,2,7
2928,3,3,1,5,3
2929,3,3,1,5,3
2930,2,1,2,3,6
2931,3,3,1,3,3
2932,1,4,4,1,5
2933,3,3,1,3,3
2934,3,2,5,2,7
2935,3,2,5,2,4
2936,3,3,1,5,3
2937,3,2,5,2,7
2938,3,3,1,5,3
2939,3,2,5,2,7
2940,2,1,3,4,1
2941,3,3,1,5,3
2942,3,3,1,5,3
2943,3,3,1,5,3
2944,3,3,1,5,3
2945,3,3,1,3,3
2946,2,1,2,6,6
2947,3,3,1,3,3
2948,1,3,1,3,2
2949,1,2,5,2,7
2950,1,4,3,4,2
2951,1,2,2,6,4
2952,3,3,1,5,3
2953,3,2,1,3,4
2954,3,2,5,2,7
2955,3,3,1,3,3
2956,2,1,3,4,1
2957,3,2,5,2,7
2958,2,2,2,6,4
2959,1,4,4,1,5
2960,3,2,5,2,7
2961,3,2,5,2,7
2962,3,3,1,3,3
2963,1,4,4,1,2
2964,3,2,5,2,4
2965,1,4,4,1,5
2966,3,3,1,5,3
2967,3,3,1,5,3
2968,3,3,1,5,3
2969,3,2,5,2,7
2970,3,2,5,2,4
2971,2,3,2,3,6
2972,1,4,4,1,5
2973,1,2,2,6,4
2974,1,4,4,1,5
2975,3,3,1,5,3
2976,3,2,5,2,7
2977,2,1,3,4,1
2978,3,3,1,5,3
2979,3,3,1,3,3
2980,3,3,1,5,3
2981,1,4,4,1,2
2982,2,1,2,6,6
2983,2,3,1,3,5
2984,2,1,3,4,1
2985,3,2,5,2,7
2986,3,3,1,3,3
2987,3,2,2,6,4
2988,2,2,2,6,4
2989,3,2,5,2,7
2990,3,3,1,5,3
2991,3,2,5,2,4
2992,1,4,3,4,2
2993,3,2,2,6,4
2994,1,4,4,1,5
2995,3,2,5,2,7
2996,3,3,1,3,3
2997,3,2,5,2,7
2998,1,4,4,1,5
2999,1,4,4,1,2
3000,3,2,5,2,7
3001,3,3,1,5,3
3002,3,3,1,5,3
3003,3,2,5,2,7
3004,3,3,1,3,3
3005,3,3,1,5,3
3006,1,4,4,1,5
3007,2,2,2,6,4
3008,2,2,2,6,6
3009,2,1,3,4,1
3010,3,2,5,2,7
3011,3,3,1,5,3
3012,2,2,2,6,7
3013,3,2,5,2,7
3014,3,2,5,2,7
3015,2,1,3,4,1
3016,1,4,4,1,5
3017,3,3,1,3,3
3018,3,3,1,5,3
3019,2,1,3,4,5
3020,3,3,1,5,3
3021,2,2,2,6,4
3022,2,1,2,6,4
3023,3,2,5,2,4
3024,2,2,2,6,6
3025,1,4,4,1,5
3026,2,2,2,6,6
3027,2,1,2,6,6
3028,1,4,4,1,5
3029,3,3,1,5,3
3030,2,1,3,4,1
3031,3,3,1,5,3
3032,3,3,1,5,3
3033,3,2,5,2,7
3034,2,1,2,6,6
3035,1,4,4,1,5
3036,3,3,1,5,3
3037,2,1,3,4,1
3038,3,2,5,2,7
3039,3,2,5,2,7
3040,2,1,3,4,2
3041,1,4,4,1,2
3042,1,4,4,1,5
3043,1,4,3,4,2
3044,3,2,5,2,7
3045,3,2,5,6,4
3046,3,2,5,2,4
3047,2,2,2,6,4
3048,3,2,5,2,4
3049,3,2,5,2,4
3050,3,2,2,6,6
3051,3,2,5,2,7
3052,2,2,2,6,4
3053,3,3,1,3,3
3054,3,3,1,3,3
3055,3,2,5,2,7
3056,3,2,5,2,7
3057,3,2,5,2,7
3058,3,3,1,5,3
3059,3,2,5,2,7
3060,2,1,2,6,6
3061,1,4,4,1,1
3062,2,1,3,4,1
3063,3,2,5,2,4
3064,1,2,5,2,4
3065,3,3,1,5,3
3066,1,4,4,1,5
3067,3,3,1,5,3
3068,3,2,5,2,4
3069,2,2,2,6,7
3070,3,3,1,3,3
3071,2,1,2,6,6
3072,3,3,1,3,3
3073,1,4,4,1,5
3074,3,2,5,2,4
3075,3,3,1,5,3
3076,2,1,3,4,1
3077,3,2,5,2,7
3078,3,2,2,6,6
3079,1,4,4,3,5
3080,3,3,1,5,3
3081,3,2,5,2,7
3082,3,3,1,5,3
3083,1,4,4,1,5
3084,2,4,3,3,2
3085,2,1,2,6,6
3086,3,2,5,2,4
3087,1,4,4,1,5
3088,1,4,4,1,5
3089,3,2,2,6,6
3090,3,3,1,5,3
3091,2,2,2,6,4
3092,3,2,2,6,6
3093,3,3,1,3,3
3094,3,2,2,6,4
3095,3,2,5,2,7
3096,3,2,5,2,7
3097,2,1,2,6,6
3098,3,2,2,6,7
3099,3,2,5,2,7
3100,3,2,2,6,4
3101,3,2,5,2,7
3102,1,4,4,1,2
3103,3,2,5,2,4
3104,2,1,2,6,6
3105,3,2,5,2,7
3106,2,1,2,6,6
3107,3,2,2,6,7
3108,3,2,5,2,7
3109,1,4,4,3,2
3110,3,3,1,5,3
3111,1,4,4,1,5
3112,3,3,1,3,3
3113,1,4,4,1,5
3114,1,4,4,1,5
3115,3,2,5,2,7
3116,1,4,4,1,2
3117,3,2,2,6,4
3118,3,3,1,5,3
3119,1,2,5,2,7
3120,3,2,5,2,4
3121,3,2,5,2,7
3122,2,1,2,6,6
3123,3,2,5,2,7
3124,1,4,3,4,2
3125,3,3,1,5,3
3126,2,1,2,6,6
3127,2,2,2,6,4
3128,3,3,1,3,3
3129,3,3,1,3,3
3130,3,3,1,3,3
3131,2,1,3,4,1
3132,2,1,3,4,2
3133,2,1,3,4,1
3134,3,2,2,6,4
3135,3,2,5,2,7
3136,1,4,4,1,5
3137,2,1,2,6,6
3138,3,2,5,2,7
3139,3,2,5,2,7
3140,3,3,1,5,3
3141,2,1,3,4,5
3142,3,3,1,3,3
3143,3,2,5,2,7
3144,2,1,3,4,1
3145,3,3,1,5,3
3146,3,2,5,2,7
3147,3,2,5,2,7
3148,3,3,1,5,3
3149,1,4,4,1,2
3150,1,2,5,2,4
3151,3,2,5,2,4
3152,1,4,4,1,2
3153,1,4,3,4,2
3154,3,2,5,2,4
3155,3,3,1,5,3
3156,2,1,3,4,5
3157,3,2,5,2,7
3158,3,3,1,5,3
3159,3,3,1,5,3
3160,3,2,5,2,4
3161,3,3,1,5,3
3162,2,1,2,6,6
3163,3,3,1,5,3
3164,1,4,3,4,2
3165,2,1,3,4,1
3166,3,2,5,2,4
3167,3,3,1,5,3
3168,1,4,3,4,2
3169,3,2,5,2,7
3170,3,3,1,3,3
3171,3,3,1,5,3
3172,3,3,1,3,3
3173,3,2,5,2,7
3174,1,4,4,1,5
3175,3,3,1,5,3
3176,2,1,3,4,2
3177,3,2,5,2,7
3178,3,3,1,3,3
3179,2,1,3,4,1
3180,3,3,1,3,3
3181,2,1,2,6,6
3182,3,3,1,3,3
3183,3,2,5,2,7
3184,3,2,5,2,7
3185,3,2,5,2,7
3186,2,1,2,6,6
3187,2,1,2,6,6
3188,2,1,3,4,1
3189,3,2,5,2,7
3190,1,4,4,1,2
3191,3,2,5,2,7
3192,3,2,5,2,7
3193,1,2,5,2,4
3194,3,2,2,6,4
3195,3,3,1,3,3
3196,3,2,5,2,7
3197,2,2,2,6,4
3198,3,2,5,2,7
3199,1,4,4,1,5
3200,3,3,1,3,3
3201,3,3,1,5,3
3202,3,2,5,2,7
3203,3,2,5,2,4
3204,1,4,4,1,5
3205,3,2,5,2,7
3206,3,3,1,5,3
3207,3,2,5,2,4
3208,3,3,1,5,3
3209,2,1,3,4,1
3210,3,3,1,5,3
3211,3,2,5,2,7
3212,2,1,3,4,1
3213,3,3,1,5,3
3214,1,4,4,1,2
3215,1,4,3,4,2
3216,3,2,5,2,7
3217,3,3,1,5,3
3218,3,2,5,2,7
3219,3,2,5,2,7
3220,3,2,5,2,4
3221,2,1,3,4,1
3222,2,1,2,6,6
3223,1,4,4,1,2
3224,3,3,1,5,3
3225,2,3,1,3,6
3226,3,3,1,5,3
3227,3,3,1,5,3
3228,3,2,5,2,7
3229,3,3,1,3,3
3230,3,3,1,5,3
3231,3,2,5,2,7
3232,1,4,4,1,2
3233,3,3,1,5,3
3234,2,1,3,4,1
3235,3,2,5,2,7
3236,1,4,4,1,2
3237,3,3,1,5,3
3238,2,1,2,6,6
3239,1,4,4,1,2
3240,3,2,5,2,4
3241,1,4,4,1,5
3242,1,4,4,1,5
3243,3,3,1,2,7
3244,1,4,4,1,2
3245,2,1,3,4,1
3246,2,3,1,3,6
3247,1,2,5,2,7
3248,3,2,5,2,7
3249,3,2,5,2,4
3250,3,2,5,2,7
3251,1,4,4,1,5
3252,2,1,3,4,1
3253,3,3,1,5,3
3254,1,4,4,1,2
3255,2,1,3,4,1
3256,1,2,5,1,7
3257,3,2,5,2,7
3258,1,4,4,3,2
3259,3,3,1,5,3
3260,3,2,5,2,7
3261,3,3,1,3,3
3262,1,4,4,3,2
3263,1,3,1,3,5
3264,2,1,3,4,1
3265,1,2,4,1,7
3266,3,3,1,5,3
3267,3,2,5,2,4
3268,2,2,2,6,4
3269,3,2,5,2,7
3270,3,3,1,5,3
3271,3,2,5,2,7
3272,3,3,1,5,3
3273,2,2,2,6,4
3274,3,2,5,2,7
3275,1,4,4,1,2
3276,1,4,3,4,2
3277,3,3,1,5,3
3278,2,1,3,4,1
3279,1,4,4,1,2
3280,3,3,2,3,6
3281,3,3,1,5,5
3282,3,2,2,6,6
3283,3,2,5,2,7
3284,2,3,2,3,6
3285,3,2,5,2,7
3286,1,4,4,1,2
3287,2,1,3,4,5
3288,2,1,2,6,6
3289,2,1,3,4,5
3290,2,1,2,6,6
3291,2,1,3,4,1
3292,3,3,1,5,3
3293,2,1,3,4,1
3294,3,2,5,2,4
3295,3,2,5,2,7
3296,3,2,5,2,4
3297,1,4,4,1,2
3298,1,4,4,1,2
3299,3,3,1,5,3
3300,3,3,1,5,3
3301,3,3,1,5,3
3302,3,3,1,5,3
3303,1,4,4,1,5
3304,3,2,5,2,7
3305,2,1,2,6,6
3306,3,3,1,5,3
3307,2,1,2,6,6
3308,3,3,1,5,3
3309,3,3,1,5,3
3310,3,3,1,5,3
3311,3,3,1,3,3
3312,3,3,1,3,3
3313,3,3,1,5,3
3314,3,3,1,5,3
3315,3,2,5,2,7
3316,3,2,5,2,4
3317,3,3,1,5,3
3318,3,3,1,5,3
3319,2,1,2,6,6
3320,3,3,1,3,3
3321,1,4,4,1,5
3322,1,2,5,2,4
3323,3,3,1,5,5
3324,2,1,2,6,4
3325,2,1,3,4,1
3326,3,2,5,2,4
3327,3,3,1,5,3
3328,3,2,5,2,7
3329,3,3,1,5,3
3330,2,1,3,4,1
3331,3,3,1,5,3
3332,3,3,1,3,3
3333,3,3,1,3,3
3334,1,4,4,1,5
3335,2,1,3,4,1
3336,3,3,1,3,3
3337,3,3,1,3,6
3338,2,1,3,4,1
3339,3,2,2,6,4
3340,3,2,5,2,4
3341,3,3,1,5,3
3342,1,4,4,1,2
3343,1,4,4,1,5
3344,3,3,1,5,3
3345,1,2,5,2,7
3346,3,3,1,5,3
3347,2,4,3,4,2
3348,1,4,4,1,2
3349,1,4,4,1,5
3350,2,1,2,6,4
3351,1,4,4,1,5
3352,2,1,3,4,2
3353,1,4,4,1,5
3354,2,1,2,6,6
3355,3,2,5,2,4
3356,3,2,5,2,7
3357,2,3,2,6,6
3358,1,4,4,1,5
3359,2,1,2,3,6
3360,1,2,5,2,7
3361,3,2,5,2,7
3362,1,4,4,1,2
3363,1,4,4,1,5
3364,2,1,3,4,1
3365,3,2,5,2,7
3366,1,4,4,1,2
3367,3,3,1,5,3
3368,3,2,5,2,7
3369,1,4,4,1,5
3370,3,3,1,3,3
3371,3,3,1,3,3
3372,3,2,5,2,4
3373,2,1,3,4,1
3374,3,3,1,5,3
3375,2,1,3,4,1
3376,2,1,3,4,1
3377,2,1,2,6,6
3378,3,2,5,2,7
3379,2,1,3,4,1
3380,3,3,1,5,3
3381,1,4,3,4,2
3382,1,4,3,4,2
3383,1,4,4,1,5
3384,3,2,5,2,7
3385,1,4,4,1,2
3386,1,4,4,3,5
3387,3,3,1,3,4
3388,1,4,4,1,2
3389,3,3,1,3,3
3390,3,3,1,5,3
3391,3,3,1,5,3
3392,2,1,3,4,1
3393,3,2,5,2,7
3394,3,3,1,5,3
3395,3,2,5,2,4
3396,2,1,3,4,1
3397,1,2,2,6,4
3398,2,4,3,3,2
3399,1,4,4,1,5
3400,3,3,1,5,3
3401,3,3,1,3,3
3402,3,3,1,5,3
3403,3,3,1,5,3
3404,2,1,2,6,5
3405,3,3,1,3,3
3406,1,4,4,1,2
3407,2,2,2,6,6
3408,1,4,4,1,5
3409,3,2,5,2,4
3410,3,3,1,3,3
3411,2,3,2,3,6
3412,3,3,1,5,3
3413,3,3,1,5,3
3414,3,3,1,5,3
3415,3,3,1,5,3
3416,3,2,5,2,7
3417,3,3,1,5,3
3418,3,3,1,5,3
3419,3,2,5,2,7
3420,3,3,1,5,3
3421,2,1,3,4,1
3422,3,2,5,2,7
3423,3,3,1,5,3
3424,3,2,5,2,7
3425,3,3,1,5,3
3426,3,2,5,2,7
3427,2,1,2,6,6
3428,3,3,1,5,5
3429,2,1,3,4,1
3430,3,3,1,3,3
3431,1,4,4,1,5
3432,1,4,4,1,5
3433,3,3,1,3,3
3434,1,4,4,1,5
3435,3,2,5,2,7
3436,3,3,1,5,3
3437,1,4,4,1,5
3438,1,4,4,1,2
3439,3,2,5,2,4
3440,2,1,2,6,6
3441,3,2,5,2,7
3442,3,2,5,2,7
3443,2,1,2,6,6
3444,2,2,2,6,6
3445,3,3,1,5,3
3446,2,1,3,4,1
3447,3,2,5,2,7
3448,2,1,3,4,1
3449,3,2,5,2,4
3450,3,3,1,5,3
3451,2,2,2,6,4
3452,3,3,1,5,6
3453,3,2,5,2,7
3454,3,3,1,5,3
3455,2,1,2,6,6
3456,2,1,4,1,1
3457,3,3,1,3,3
3458,3,3,1,5,3
3459,2,1,3,4,1
3460,2,1,2,6,6
3461,2,1,4,1,5
3462,3,3,1,3,3
3463,3,3,1,3,3
3464,3,3,1,5,3
3465,1,2,4,1,4
3466,2,1,3,4,1
3467,3,2,5,2,7
3468,3,3,1,5,3
3469,3,3,1,5,3
3470,1,4,4,1,5
3471,3,3,1,3,3
3472,3,2,5,2,7
3473,3,2,5,2,7
3474,3,3,1,5,3
3475,3,3,2,3,3
3476,3,2,5,2,7
3477,3,3,1,5,3
3478,1,2,5,2,4
3479,3,3,1,3,3
3480,2,1,3,4,1
3481,3,3,1,5,3
3482,3,2,5,2,7
3483,3,3,1,5,3
3484,3,3,1,3,3
3485,3,3,1,5,3
3486,1,4,4,1,2
3487,3,3,1,3,3
3488,2,1,3,4,1
3489,3,3,1,3,3
3490,3,3,1,5,3
3491,3,3,5,5,7
3492,2,1,3,4,1
3493,3,2,5,2,7
3494,3,2,2,6,4
3495,1,4,3,4,2
3496,1,4,3,4,2
3497,3,3,1,5,3
3498,1,4,4,1,5
3499,3,3,1,5,3
3500,2,1,2,6,6
3501,3,3,1,5,3
3502,3,2,2,6,4
3503,3,3,1,5,3
3504,3,2,5,2,7
3505,2,1,2,6,4
3506,3,3,1,3,3
3507,3,3,1,3,3
3508,2,1,2,6,4
3509,2,2,2,6,7
3510,3,2,5,2,7
3511,3,3,1,5,3
3512,3,2,5,2,7
3513,1,3,1,3,5
3514,3,3,1,5,3
3515,3,2,5,2,7
3516,3,3,5,2,7
3517,3,2,5,2,7
3518,3,3,1,5,3
3519,3,3,1,3,3
3520,3,3,1,5,3
3521,3,3,1,5,3
3522,1,4,4,1,5
3523,3,2,5,2,7
3524,3,2,5,2,7
3525,2,4,3,4,2
3526,3,2,5,2,7
3527,1,4,4,1,2
3528,1,4,3,4,2
3529,3,2,5,2,7
3530,2,1,3,4,1
3531,1,4,4,1,2
3532,3,3,5,5,7
3533,3,3,1,3,3
3534,1,4,4,1,5
3535,2,1,3,4,1
3536,3,2,5,2,7
3537,2,1,3,4,1
3538,3,2,5,2,7
3539,3,3,1,5,3
3540,3,3,1,5,5
3541,2,2,2,6,6
3542,2,1,3,4,1
3543,3,3,1,5,3
3544,1,4,4,3,2
3545,2,3,2,3,6
3546,3,3,1,3,3
3547,3,3,1,5,3
3548,2,1,3,4,1
3549,1,4,4,1,2
3550,3,3,1,5,3
3551,2,1,2,6,4
3552,2,1,3,4,1
3553,2,1,3,4,1
3554,1,4,4,1,2
3555,1,2,4,1,5
3556,3,2,5,2,4
3557,3,3,1,5,3
3558,3,3,1,5,5
3559,3,2,5,2,4
3560,3,2,5,2,7
3561,3,2,5,2,7
3562,3,3,1,5,3
3563,3,2,5,2,7
3564,3,2,5,6,7
3565,3,2,5,2,7
3566,3,2,5,2,7
3567,3,3,1,5,3
3568,3,3,1,5,3
3569,3,3,1,3,3
3570,2,1,2,6,6
3571,3,2,5,2,7
3572,3,3,1,3,3
3573,1,4,4,1,2
3574,3,3,1,5,5
3575,2,1,3,4,1
3576,3,3,1,3,3
3577,1,4,4,1,5
3578,3,3,1,5,3
3579,3,2,5,2,7
3580,2,1,2,6,6
3581,2,1,3,4,1
3582,3,2,5,2,7
3583,2,1,3,4,1
3584,2,1,2,6,6
3585,3,3,1,5,3
3586,3,3,1,5,3
3587,1,4,4,1,5
3588,3,2,5,2,7
3589,2,3,1,3,3
3590,3,3,1,5,3
3591,3,3,1,5,3
3592,3,3,1,5,3
3593,1,4,3,4,2
3594,1,4,4,1,5
3595,1,4,4,1,2
3596,3,3,1,5,3
3597,3,2,5,2,7
3598,2,1,3,4,1
3599,3,3,1,5,3
3600,3,2,5,2,7
3601,3,2,5,2,7
3602,3,3,1,5,3
3603,2,1,2,6,6
3604,1,4,4,1,2
3605,3,3,1,5,3
3606,1,4,3,4,2
3607,3,2,5,2,7
3608,1,4,4,1,5
3609,1,4,4,1,5
3610,2,1,3,4,1
3611,3,2,5,2,7
3612,3,3,1,5,3
3613,2,1,2,6,6
3614,3,2,5,2,7
3615,3,3,1,5,3
3616,2,1,3,4,1
3617,2,1,2,6,6
3618,3,3,1,3,3
3619,2,3,1,3,5
3620,3,3,1,3,3
3621,3,3,1,3,3
3622,3,3,1,5,3
3623,2,1,2,6,6
3624,3,3,1,5,3
3625,3,3,1,5,3
3626,3,2,5,2,7
3627,2,1,2,6,6
3628,3,2,5,2,7
3629,3,3,1,5,3
3630,3,2,5,2,7
3631,1,4,4,1,2
3632,1,4,3,4,2
3633,1,4,4,1,5
3634,2,1,3,4,1
3635,3,2,5,2,7
3636,2,1,2,6,6
3637,1,4,3,4,2
3638,3,2,5,2,7
3639,1,4,3,4,2
3640,1,4,4,1,5
3641,3,3,1,5,3
3642,1,4,3,4,2
3643,3,2,5,2,7
3644,2,1,3,4,1
3645,3,2,5,2,7
3646,3,2,5,2,7
3647,1,4,4,1,5
3648,3,2,5,3,7
3649,3,2,5,2,4
3650,3,3,1,5,3
3651,3,3,1,5,3
3652,3,3,1,3,3
3653,3,2,5,2,7
3654,3,3,1,3,3
3655,2,1,2,6,6
3656,1,4,4,3,5
3657,2,1,3,4,1
3658,3,3,1,5,3
3659,3,3,1,5,3
3660,3,2,5,2,7
3661,1,4,4,1,5
3662,2,1,2,6,6
3663,2,1,3,4,1
3664,2,1,3,4,1
3665,3,2,5,2,7
3666,2,1,4,1,5
3667,1,4,4,1,2
3668,2,1,2,6,6
3669,3,3,1,3,3
3670,1,4,4,1,5
3671,3,2,5,2,7
3672,3,2,5,2,7
3673,3,3,1,5,3
3674,3,2,5,2,7
3675,3,3,1,5,3
3676,3,2,5,2,4
3677,2,1,3,4,1
3678,3,2,5,2,7
3679,3,2,5,2,7
3680,2,1,2,6,4
3681,3,3,1,5,3
3682,3,3,1,5,3
3683,3,3,1,3,3
3684,3,2,5,2,7
3685,3,3,1,5,3
3686,3,2,5,2,7
3687,1,4,4,1,2
3688,3,3,1,5,3
3689,2,1,3,4,1
3690,2,2,2,6,7
3691,3,2,5,2,7
3692,1,4,4,1,5
3693,3,3,1,5,3
3694,2,1,2,6,4
3695,3,3,1,5,3
3696,3,3,1,5,3
3697,3,2,5,2,7
3698,3,2,5,2,4
3699,3,2,5,2,7
3700,2,1,2,6,6
3701,3,2,5,2,7
3702,3,2,5,2,4
3703,1,4,4,1,5
3704,3,3,1,5,3
3705,3,3,1,5,3
3706,3,2,5,2,7
3707,2,1,2,6,6
3708,1,3,1,3,5
3709,1,4,4,1,5
3710,1,4,4,1,2
3711,3,2,5,2,7
3712,3,2,5,2,7
3713,1,4,4,1,5
3714,2,1,3,3,1
3715,3,2,5,2,7
3716,3,2,5,2,7
3717,3,2,5,2,7
3718,3,2,5,2,7
3719,3,2,5,2,4
3720,3,3,1,3,3
3721,3,3,1,5,3
3722,2,1,3,4,1
3723,1,4,4,1,5
3724,3,2,5,2,7
3725,2,1,3,4,1
3726,3,3,1,5,3
3727,3,3,1,3,3
3728,2,2,2,6,4
3729,3,3,1,5,3
3730,1,4,3,4,2
3731,2,2,2,6,4
3732,3,2,5,2,7
3733,3,3,1,5,3
3734,2,1,3,4,1
3735,3,3,1,5,3
3736,3,2,5,2,7
3737,3,3,1,5,3
3738,1,4,4,1,5
3739,2,2,2,6,6
3740,2,1,3,4,1
3741,1,2,5,2,4
3742,3,3,1,5,3
3743,1,4,3,4,2
3744,3,2,5,2,7
3745,3,2,5,2,7
3746,3,3,1,5,3
3747,1,4,4,1,5
3748,1,4,3,4,2
3749,3,2,5,2,4
3750,1,4,4,1,2
3751,3,2,5,2,7
3752,3,3,1,5,3
3753,3,3,1,3,3
3754,3,2,5,2,7
3755,3,2,5,2,7
3756,3,3,1,5,3
3757,3,3,1,5,3
3758,2,1,2,3,6
3759,1,4,4,1,5
3760,3,2,5,2,7
3761,3,3,1,5,3
3762,3,2,5,2,7
3763,1,4,4,1,5
3764,2,1,3,4,1
3765,2,1,3,4,1
3766,1,4,4,1,5
3767,2,1,3,4,1
3768,3,3,1,5,3
3769,3,3,1,5,3
3770,3,3,1,5,3
3771,1,4,4,1,5
3772,1,4,4,1,2
3773,3,3,1,5,3
3774,3,2,2,6,6
3775,1,4,4,1,5
3776,1,4,4,1,2
3777,3,2,5,2,7
3778,3,3,1,3,3
3779,1,4,4,1,2
3780,3,2,5,2,7
3781,3,2,2,6,7
3782,1,4,4,3,2
3783,1,4,3,4,2
3784,1,4,3,4,2
3785,1,4,4,1,5
3786,3,3,1,3,3
3787,1,4,4,1,2
3788,1,4,4,1,2
3789,3,3,1,5,3
3790,3,3,1,5,3
3791,2,1,2,6,6
3792,3,3,1,5,3
3793,1,4,4,1,5
3794,1,4,3,4,2
3795,2,1,2,6,6
3796,3,2,5,2,7
3797,1,2,5,2,7
3798,2,1,2,6,6
3799,3,2,5,2,7
3800,2,1,3,4,1
3801,1,4,4,1,2
3802,1,4,3,4,2
3803,1,4,4,1,5
3804,3,3,1,5,3
3805,2,1,2,6,6
3806,2,1,3,4,2
3807,1,4,4,1,5
3808,3,3,1,3,3
3809,1,4,4,1,5
3810,3,2,5,2,7
3811,3,3,1,3,3
3812,2,1,2,6,6
3813,3,3,5,5,7
3814,2,1,3,4,1
3815,3,3,1,5,3
3816,3,3,1,5,3
3817,2,2,2,6,7
3818,3,2,5,2,7
3819,3,2,5,2,7
3820,3,3,1,5,3
3821,3,3,1,3,3
3822,3,3,2,3,6
3823,3,2,5,2,7
3824,3,3,1,3,7
3825,3,3,1,3,7
3826,2,1,2,6,6
3827,3,2,2,6,7
3828,2,1,2,6,6
3829,3,3,1,3,3
3830,3,3,1,3,3
3831,2,1,2,6,6
3832,3,3,1,5,3
3833,3,3,1,5,3
3834,3,3,1,5,3
3835,3,3,1,5,3
3836,3,2,5,2,7
3837,3,2,5,2,7
3838,2,1,3,4,1
3839,3,2,5,2,7
3840,1,4,4,1,5
3841,3,3,1,3,3
3842,3,3,1,5,3
3843,2,1,3,4,1
3844,3,3,1,3,5
3845,3,3,1,5,3
3846,1,4,4,1,2
3847,3,2,5,2,7
3848,1,4,4,1,5
3849,1,4,4,1,5
3850,3,3,1,5,3
3851,3,2,5,2,4
3852,3,2,5,2,7
3853,3,2,5,2,7
3854,3,3,1,5,3
3855,2,2,2,6,6
3856,1,3,1,3,3
3857,1,4,4,1,5
3858,3,2,5,2,7
3859,3,2,5,2,7
3860,3,3,1,5,3
3861,2,3,2,3,6
3862,1,4,4,1,2
3863,2,1,3,4,1
3864,3,2,5,2,7
3865,1,4,4,3,2
3866,3,2,5,2,7
3867,3,2,5,2,4
3868,3,2,5,2,7
3869,1,4,4,1,2
3870,1,4,3,4,2
3871,1,4,4,1,2
3872,3,2,5,6,4
3873,1,4,4,1,2
3874,3,3,1,5,3
3875,3,2,5,2,7
3876,3,3,1,3,3
3877,3,3,2,3,6
3878,3,3,1,5,3
3879,1,4,4,1,5
3880,1,4,4,1,2
3881,1,4,4,1,2
3882,2,1,2,6,6
3883,2,1,3,4,2
3884,3,3,1,3,3
3885,3,3,1,5,3
3886,3,2,5,2,7
3887,3,3,1,3,3
3888,3,3,1,3,3
3889,3,3,1,5,3
3890,3,2,5,2,4
3891,3,3,1,5,3
3892,3,3,1,5,3
3893,2,1,3,4,2
3894,3,3,1,5,3
3895,2,1,3,4,1
3896,3,2,5,2,7
3897,2,1,3,4,1
3898,3,3,1,3,6
3899,3,2,2,6,4
3900,3,2,5,2,7
3901,1,2,2,6,4
3902,3,2,5,2,7
3903,3,3,1,3,3
3904,3,2,5,2,4
3905,3,2,5,2,4
3906,2,1,3,4,1
3907,1,4,4,1,2
3908,3,3,1,5,3
3909,3,2,2,6,4
3910,3,2,5,2,7
3911,1,3,1,3,2
3912,3,3,1,5,3
3913,1,4,4,1,5
3914,1,4,4,1,5
3915,2,1,3,4,1
3916,3,3,1,5,3
3917,2,1,2,6,6
3918,2,1,3,3,2
3919,1,4,4,1,5
3920,3,2,5,2,7
3921,3,3,1,3,3
3922,1,4,3,4,1
3923,3,2,5,2,7
3924,3,2,5,2,7
3925,3,2,5,2,7
3926,1,4,4,1,5
3927,3,3,1,5,3
3928,2,1,3,4,1
3929,3,2,1,3,7
3930,3,2,5,2,7
3931,3,2,5,2,7
3932,1,4,3,4,1
3933,1,4,4,1,4
3934,1,2,5,2,7
3935,3,2,5,2,7
3936,3,2,5,2,7
3937,3,2,5,2,7
3938,3,3,1,3,5
3939,3,2,5,2,7
3940,3,3,1,5,3
3941,2,1,3,4,1
3942,3,3,1,3,3
3943,3,2,5,2,7
3944,3,3,1,3,4
3945,3,3,1,2,7
3946,3,3,1,5,7
3947,3,2,5,2,7
3948,1,4,4,1,5
3949,1,4,4,1,5
3950,1,4,4,1,5
3951,3,2,5,2,7
3952,3,3,1,3,3
3953,3,3,1,5,3
3954,1,4,4,1,5
3955,2,1,3,4,1
3956,3,2,5,2,4
3957,3,2,5,2,7
3958,1,4,4,1,2
3959,2,1,3,4,1
3960,1,4,4,1,2
3961,3,2,5,2,7
3962,1,4,4,1,2
3963,3,3,1,5,3
3964,2,1,3,4,1
3965,3,2,5,2,7
3966,1,4,4,1,5
3967,3,2,5,2,7
3968,2,1,3,4,1
3969,2,1,3,4,1
3970,1,2,5,2,4
3971,3,3,1,3,3
3972,2,1,3,4,1
3973,3,3,1,5,3
3974,3,3,1,5,3
3975,3,3,1,3,3
3976,3,2,5,2,7
3977,3,2,5,2,7
3978,3,3,1,5,3
3979,1,4,4,1,5
3980,2,1,3,4,1
3981,3,2,5,2,7
3982,3,2,5,2,7
3983,3,2,5,2,4
3984,2,1,3,4,1
3985,3,3,1,5,3
3986,2,1,2,6,6
3987,2,1,2,6,4
3988,3,2,5,2,7
3989,3,3,1,5,3
3990,1,4,4,1,5
3991,1,4,4,1,2
3992,3,3,1,5,3
3993,3,3,1,3,3
3994,3,2,5,2,7
3995,3,2,5,2,7
3996,3,2,5,2,4
3997,1,4,4,1,5
3998,3,2,5,2,7
3999,3,2,5,2,7
4000,2,1,2,6,6
4001,1,4,4,1,5
4002,1,4,4,1,5
4003,3,3,2,3,4
4004,2,1,3,4,1
4005,3,2,5,2,7
4006,3,2,5,2,7
4007,3,2,5,2,7
4008,2,1,3,4,1
4009,1,4,4,1,2
4010,2,2,2,6,4
4011,2,1,3,4,1
4012,1,4,4,1,5
4013,1,2,5,2,7
4014,3,2,5,2,7
4015,3,2,5,2,7
4016,3,3,1,3,3
4017,2,1,3,4,1
4018,1,4,4,1,5
4019,1,4,4,1,2
4020,3,2,5,2,7
4021,3,2,5,2,7
4022,3,2,5,2,7
4023,1,2,5,2,7
4024,3,2,5,2,7
4025,1,4,4,1,2
4026,3,3,1,5,3
4027,2,1,2,6,6
4028,3,3,1,3,3
4029,3,2,5,2,7
4030,3,3,1,5,3
4031,2,1,3,4,1
4032,3,2,5,2,7
4033,3,3,1,5,3
4034,3,2,5,2,7
4035,2,1,2,6,4
4036,1,4,4,1,5
4037,3,2,5,2,7
4038,1,4,4,1,5
4039,1,4,4,1,2
4040,3,3,1,3,3
4041,3,3,1,5,3
4042,3,3,1,3,3
4043,3,3,1,5,3
4044,3,2,5,2,7
4045,1,4,4,1,5
4046,3,3,2,3,6
4047,2,1,3,4,1
4048,3,3,1,5,3
4049,3,2,5,2,7
4050,3,2,5,2,7
4051,2,3,2,3,4
4052,3,2,2,6,4
4053,3,3,1,5,3
4054,3,3,1,5,3
4055,2,2,2,6,4
4056,2,1,3,4,1
4057,1,4,4,1,5
4058,3,3,1,3,3
4059,2,4,3,4,2
4060,3,3,1,5,3
4061,1,4,4,1,5
4062,3,2,5,2,7
4063,1,4,4,1,5
4064,3,3,1,3,3
4065,2,2,2,6,6
4066,2,1,2,3,6
4067,3,2,2,6,4
4068,3,2,2,6,4
4069,3,2,5,2,4
4070,3,3,1,3,3
4071,1,4,4,1,5
4072,3,3,1,5,3
4073,2,1,3,4,1
4074,2,1,2,6,6
4075,3,3,1,3,5
4076,2,1,3,4,1
4077,3,2,5,2,7
4078,3,3,1,3,3
4079,3,3,1,5,3
4080,2,2,2,6,6
4081,1,4,4,1,5
4082,3,3,1,3,3
4083,3,2,5,2,7
4084,3,3,1,5,3
4085,3,3,1,5,3
4086,3,2,5,2,7
4087,1,4,4,1,2
4088,3,3,1,3,3
4089,3,3,1,5,3
4090,3,3,1,5,3
4091,3,3,1,5,3
4092,3,3,1,3,3
4093,3,3,1,5,3
4094,3,2,5,2,7
4095,3,2,5,2,7
4096,3,3,1,3,3
4097,1,4,4,1,5
4098,2,1,3,4,1
4099,3,3,1,3,3
4100,2,1,3,4,1
4101,3,3,1,3,3
4102,2,1,3,4,1
4103,3,2,5,2,7
4104,3,2,5,2,7
4105,2,1,3,4,1
4106,1,4,3,4,2
4107,3,3,1,5,3
4108,2,1,3,4,5
4109,2,1,2,6,6
4110,3,2,5,2,7
4111,2,1,3,4,1
4112,3,2,5,2,7
4113,1,4,4,1,5
4114,3,3,1,5,3
4115,3,2,5,2,7
4116,3,3,1,5,3
4117,3,3,1,5,3
4118,3,3,1,5,3
4119,1,4,4,1,5
4120,1,4,4,1,5
4121,3,2,2,6,7
4122,3,3,1,3,3
4123,3,3,1,3,4
4124,1,4,4,1,5
4125,1,4,3,4,2
4126,3,2,5,2,7
4127,1,4,4,1,5
4128,2,1,4,1,5
4129,2,1,3,4,1
4130,3,2,5,2,7
4131,3,2,5,2,7
4132,3,2,5,2,7
4133,3,2,5,2,7
4134,2,2,2,6,6
4135,1,4,4,1,5
4136,3,2,2,6,4
4137,3,3,1,5,3
4138,3,2,5,2,4
4139,3,3,1,5,3
4140,3,3,1,3,3
4141,3,2,5,2,7
4142,2,1,3,4,1
4143,1,4,4,1,2
4144,3,2,5,2,7
4145,1,4,3,4,1
4146,2,1,3,4,1
4147,1,4,4,1,5
4148,3,2,2,6,6
4149,3,2,5,2,7
4150,3,3,1,3,3
4151,2,1,3,4,1
4152,3,3,1,5,3
4153,1,4,4,1,5
4154,1,4,4,1,2
4155,1,4,4,1,2
4156,3,2,5,2,7
4157,2,1,3,3,5
4158,2,1,3,4,1
4159,1,4,4,1,2
4160,3,2,2,6,7
4161,3,3,2,3,3
4162,1,3,1,3,5
4163,2,2,2,6,4
4164,3,2,5,6,4
4165,1,4,3,4,2
4166,1,4,4,1,5
4167,3,2,5,2,7
4168,3,2,5,2,7
4169,3,3,1,5,3
4170,3,3,1,5,3
4171,3,2,5,2,7
4172,3,2,5,2,7
4173,1,4,4,1,2
4174,2,1,2,6,6
4175,1,4,4,1,2
4176,3,2,5,2,4
4177,3,3,1,5,3
4178,2,1,3,4,1
4179,3,2,5,2,7
4180,2,1,2,6,6
4181,1,4,4,1,5
4182,3,2,5,2,4
4183,3,3,1,3,3
4184,1,4,3,4,2
4185,1,4,4,1,2
4186,3,3,1,3,3
4187,3,3,1,5,3
4188,1,4,3,4,2
4189,3,3,1,3,3
4190,1,4,4,1,5
4191,1,4,4,1,2
4192,2,1,3,4,1
4193,3,3,1,5,3
4194,3,3,1,5,3
4195,3,3,1,5,3
4196,2,1,3,4,1
4197,1,4,4,1,5
4198,3,2,5,2,4
4199,2,1,3,4,2
4200,3,2,2,6,4
4201,2,1,3,4,1
4202,2,2,2,6,4
4203,3,3,1,5,3
4204,3,2,5,2,7
4205,3,2,5,2,7
4206,3,2,5,2,7
4207,3,2,5,2,7
4208,2,1,2,6,6
4209,2,1,3,4,1
4210,3,2,5,2,7
4211,2,1,3,4,1
4212,2,1,3,4,1
4213,3,2,5,2,7
4214,2,1,2,6,6
4215,3,3,1,5,3
4216,1,4,4,1,5
4217,3,2,5,2,7
4218,3,2,5,2,4
4219,2,2,2,6,6
4220,3,3,1,5,3
4221,3,3,1,5,3
4222,3,2,5,2,7
4223,2,2,2,6,6
4224,3,2,5,2,7
4225,3,3,1,3,4
4226,3,3,1,3,3
4227,3,3,1,3,3
4228,2,1,2,6,6
4229,1,4,4,1,5
4230,1,4,4,1,5
4231,1,4,4,1,2
4232,3,2,5,2,4
4233,3,3,1,5,3
4234,3,2,5,2,7
4235,1,4,4,1,5
4236,3,2,5,2,4
4237,3,2,5,2,7
4238,3,3,1,5,3
4239,1,4,4,1,5
4240,1,4,4,1,5
4241,3,2,5,2,4
4242,1,4,4,1,5
4243,1,4,4,1,5
4244,3,2,5,2,4
4245,3,2,5,2,7
4246,1,4,4,1,5
4247,1,4,4,1,5
4248,1,4,4,1,5
4249,2,1,2,6,6
4250,3,2,5,2,7
4251,2,2,2,6,4
4252,1,4,3,4,2
4253,3,3,1,5,3
4254,1,4,4,1,2
4255,1,2,5,2,4
4256,2,1,2,6,6
4257,1,4,4,1,5
4258,3,2,5,2,7
4259,1,4,4,1,2
4260,1,4,4,1,5
4261,1,2,5,2,7
4262,1,4,4,1,2
4263,1,4,5,2,4
4264,2,1,3,4,1
4265,3,2,5,2,7
4266,3,2,5,2,7
4267,2,1,2,6,4
4268,3,2,5,2,7
4269,3,3,1,5,3
4270,1,4,3,4,2
4271,3,3,1,3,3
4272,1,4,4,1,5
4273,1,4,4,1,5
4274,2,1,3,4,1
4275,2,1,3,4,2
4276,3,2,5,2,7
4277,3,3,1,5,3
4278,1,4,4,1,5
4279,1,3,1,3,5
4280,3,2,5,2,7
4281,3,3,1,5,3
4282,2,1,3,4,1
4283,1,4,4,1,2
4284,1,4,3,4,2
4285,1,4,4,1,5
4286,3,3,1,5,3
4287,3,2,5,2,7
4288,2,1,3,4,1
4289,3,2,5,2,7
4290,3,2,5,2,4
4291,3,2,5,2,7
4292,1,4,4,1,2
4293,3,2,5,2,4
4294,1,4,4,1,2
4295,2,1,3,4,1
4296,3,2,5,2,7
4297,3,3,1,3,4
4298,3,3,1,5,3
4299,1,4,4,1,5
4300,2,1,3,4,2
4301,3,2,5,2,4
4302,3,2,5,2,7
4303,1,3,1,5,5
4304,2,1,3,4,1
4305,3,2,5,2,7
4306,2,1,2,6,6
4307,1,4,4,1,2
4308,3,2,5,6,4
4309,1,4,4,1,5
4310,3,3,1,5,3
4311,3,2,5,2,7
4312,3,3,1,3,3
4313,1,4,4,1,5
4314,1,4,4,1,2
4315,3,3,1,5,7
4316,1,4,4,3,2
4317,2,1,2,6,6
4318,3,3,1,5,3
4319,3,2,5,2,7
4320,3,2,5,2,7
4321,3,2,5,2,7
4322,3,2,5,2,7
4323,3,3,1,3,3
4324,2,1,2,6,6
4325,1,4,3,4,2
4326,2,2,2,6,4
4327,3,2,5,2,7
4328,3,2,5,2,7
4329,3,2,5,2,7
4330,1,4,3,4,5
4331,2,1,3,4,1
4332,2,1,3,4,1
4333,3,2,5,2,7
4334,3,2,5,2,7
4335,3,2,5,2,7
4336,3,2,5,2,4
4337,3,2,5,2,7
4338,1,4,4,1,2
4339,2,1,3,4,2
4340,2,2,2,6,4
4341,1,4,4,1,5
4342,3,3,1,5,3
4343,3,3,1,3,3
4344,3,3,1,5,3
4345,3,3,1,5,3
4346,3,2,5,2,4
4347,3,3,1,5,3
4348,2,1,3,4,1
4349,2,1,3,4,1
4350,3,3,1,5,3
4351,3,3,1,5,3
4352,3,2,5,2,7
4353,1,4,4,1,5
4354,3,3,1,5,3
4355,2,1,2,6,6
4356,3,3,1,3,3
4357,1,4,4,1,2
4358,2,1,3,4,1
4359,3,2,5,2,7
4360,1,4,4,1,2
4361,3,2,5,2,7
4362,3,3,1,3,3
4363,3,2,5,2,7
4364,3,2,5,2,7
4365,2,1,3,4,1
4366,1,4,4,1,5
4367,3,2,5,2,7
4368,3,2,5,2,7
4369,2,3,2,3,6
4370,1,4,4,1,5
4371,3,2,5,2,7
4372,2,1,3,4,1
4373,3,2,5,2,7
4374,1,4,4,1,5
4375,3,3,1,5,3
4376,2,1,3,4,1
4377,1,4,4,1,5
4378,3,2,5,2,7
4379,3,3,1,3,3
4380,1,2,5,2,4
4381,3,2,5,2,7
4382,2,1,3,4,1
4383,2,1,3,4,1
4384,3,2,5,2,7
4385,2,1,2,6,6
4386,3,3,1,5,3
4387,3,3,1,3,3
4388,3,2,5,2,7
4389,1,4,4,1,5
4390,1,4,4,1,5
4391,1,4,4,1,2
4392,2,1,3,4,5
4393,2,1,3,4,1
4394,2,1,3,4,1
4395,1,4,3,4,2
4396,2,1,3,3,2
4397,3,2,1,3,4
4398,1,4,4,4,2
4399,1,4,3,4,2
4400,2,1,3,4,1
4401,3,3,1,5,3
4402,2,1,3,4,1
4403,3,3,1,3,4
4404,3,3,1,3,3
4405,3,3,1,5,3
4406,3,2,5,2,7
4407,3,3,1,5,3
4408,3,3,1,5,3
4409,3,2,5,2,4
4410,3,2,2,6,4
4411,3,3,1,5,3
4412,2,1,3,4,1
4413,2,1,2,6,6
4414,3,2,5,2,7
4415,1,2,4,1,5
4416,3,3,1,5,3
4417,3,2,5,2,7
4418,3,3,1,5,3
4419,2,1,3,4,2
4420,3,3,1,3,4
4421,1,4,3,4,2
4422,3,2,5,2,7
4423,3,2,2,6,4
4424,2,1,3,4,1
4425,3,3,1,3,3
4426,3,2,5,2,7
4427,1,4,3,4,2
4428,1,4,3,4,2
4429,3,2,2,6,4
4430,1,4,3,4,2
4431,2,1,2,6,6
4432,3,2,5,2,4
4433,3,3,1,5,3
4434,1,4,4,1,5
4435,2,1,3,4,1
4436,3,3,1,5,3
4437,1,4,4,1,2
4438,3,3,1,3,3
4439,3,2,5,2,4
4440,1,4,4,1,5
4441,2,1,3,4,1
4442,1,4,4,1,5
4443,1,2,2,6,4
4444,3,3,1,5,3
4445,3,3,1,3,3
4446,3,2,5,2,7
4447,3,3,1,3,3
4448,3,3,1,5,3
4449,3,3,1,5,3
4450,2,2,2,6,6
4451,3,3,1,3,3
4452,3,3,1,5,3
4453,3,3,1,3,3
4454,2,1,2,6,4
4455,3,2,2,6,4
4456,3,3,1,5,3
4457,3,3,1,5,3
4458,3,3,1,5,3
4459,1,3,1,3,3
4460,3,2,2,6,6
4461,3,3,1,5,3
4462,2,1,2,6,6
4463,2,1,3,4,1
4464,1,4,4,1,2
4465,2,1,3,4,2
4466,3,3,1,5,3
4467,3,3,1,3,3
4468,2,2,2,6,4
4469,3,2,5,2,7
4470,3,2,5,2,7
4471,3,3,1,5,3
4472,3,2,5,2,7
4473,3,3,1,3,3
4474,2,1,2,6,6
4475,3,2,5,2,7
4476,3,2,5,2,7
4477,3,2,5,2,7
4478,3,3,1,3,3
4479,1,4,4,1,5
4480,3,3,1,3,3
4481,2,1,3,4,1
4482,3,3,1,5,3
4483,2,2,2,6,6
4484,3,3,1,5,3
4485,2,2,2,6,4
4486,2,1,3,4,1
4487,2,1,3,4,1
4488,3,2,5,2,7
4489,3,3,1,5,3
4490,3,2,5,2,7
4491,1,4,4,1,5
4492,1,4,4,1,2
4493,2,2,2,6,4
4494,3,2,5,2,7
4495,1,4,4,1,2
4496,3,3,1,3,3
4497,3,3,1,5,3
4498,3,2,5,2,7
4499,3,3,1,3,6
4500,2,1,3,4,1
4501,3,2,5,2,7
4502,3,3,1,5,3
4503,3,3,1,3,5
4504,1,4,4,1,1
4505,3,2,5,2,7
4506,3,3,1,5,3
4507,3,2,5,2,7
4508,3,3,1,3,3
4509,3,3,1,5,3
4510,3,2,5,2,7
4511,1,4,4,1,5
4512,1,4,4,1,2
4513,2,1,3,4,1
4514,2,1,2,3,6
4515,1,4,4,1,5
4516,3,3,1,3,3
4517,3,3,1,3,3
4518,3,3,1,5,3
4519,3,2,5,2,7
4520,3,3,1,5,3
4521,3,2,5,2,7
4522,3,3,1,3,3
4523,3,3,1,3,3
4524,1,4,4,1,5
4525,2,1,3,4,1
4526,3,3,1,5,3
4527,1,4,3,4,2
4528,3,3,2,3,6
4529,3,2,5,2,4
4530,3,3,1,3,4
4531,3,3,1,5,3
4532,2,1,2,6,6
4533,2,1,2,6,4
4534,2,1,2,6,6
4535,3,2,5,2,7
4536,1,4,4,1,2
4537,1,4,3,4,2
4538,2,1,3,4,1
4539,2,1,3,4,1
4540,1,4,4,1,5
4541,2,1,3,4,2
4542,2,2,2,6,6
4543,3,3,1,3,3
4544,3,3,1,3,3
4545,1,4,4,1,5
4546,3,3,1,5,3
4547,2,4,3,4,2
4548,2,1,3,4,1
4549,2,1,3,4,1
4550,2,1,3,4,2
4551,3,3,1,5,3
4552,1,4,4,1,5
4553,1,4,4,1,2
4554,1,4,3,4,2
4555,1,4,4,1,2
4556,3,3,5,2,7
4557,2,1,2,6,6
4558,1,4,4,1,2
4559,1,4,4,3,5
4560,3,3,1,5,3
4561,1,4,4,1,5
4562,3,3,1,3,3
4563,1,4,4,1,2
4564,1,2,5,2,4
4565,1,4,4,1,2
4566,3,2,5,2,7
4567,3,3,1,3,3
4568,3,3,1,5,3
4569,2,1,3,4,1
4570,2,2,2,6,6
4571,3,3,1,5,3
4572,1,4,4,1,2
4573,3,3,1,5,3
4574,2,1,2,3,6
4575,1,4,4,1,2
4576,1,4,4,1,2
4577,3,2,5,2,7
4578,3,3,1,5,3
4579,3,3,1,5,3
4580,3,3,1,3,3
4581,3,2,5,2,7
4582,3,3,1,5,3
4583,2,1,3,4,1
4584,3,3,1,5,3
4585,3,3,1,5,3
4586,1,4,4,1,5
4587,2,1,2,6,6
4588,1,4,4,1,2
4589,3,3,1,5,3
4590,2,1,2,6,6
4591,3,3,1,3,3
4592,3,3,1,3,3
4593,1,4,4,3,5
4594,1,4,4,1,2
4595,3,3,1,5,3
4596,3,2,5,2,7
4597,2,1,3,4,1
4598,3,2,5,2,7
4599,1,4,4,1,5
4600,3,2,5,2,7
4601,1,4,4,1,5
4602,3,3,1,3,3
4603,1,4,4,1,5
4604,3,2,5,2,7
4605,3,2,5,2,7
4606,1,4,4,1,5
4607,3,3,1,5,3
4608,2,1,2,3,6
4609,3,3,1,3,3
4610,3,2,5,2,7
4611,3,3,1,3,3
4612,2,4,3,4,2
4613,2,1,3,4,1
4614,2,1,2,6,6
4615,2,1,2,6,6
4616,1,3,1,3,5
4617,2,1,2,6,6
4618,3,2,5,2,7
4619,2,2,2,6,4
4620,3,3,1,5,3
4621,3,3,1,5,3
4622,2,1,3,4,1
4623,1,4,4,1,2
4624,1,4,4,1,2
4625,3,2,5,2,7
4626,3,3,1,3,3
4627,1,4,4,1,5
4628,2,1,3,4,1
4629,1,2,5,2,4
4630,2,1,3,4,1
4631,3,3,1,3,3
4632,3,3,1,3,4
4633,1,4,4,1,2
4634,3,3,1,5,3
4635,3,3,1,5,3
4636,2,1,3,4,1
4637,3,3,1,5,3
4638,1,4,3,4,2
4639,2,1,4,1,5
4640,1,2,2,6,4
4641,1,4,3,4,2
4642,1,3,1,5,5
4643,3,3,1,3,3
4644,2,1,2,6,6
4645,3,2,5,2,4
4646,1,4,3,4,2
4647,3,3,1,3,3
4648,3,2,5,2,4
4649,2,1,3,4,1
4650,1,4,4,1,5
4651,2,1,3,4,1
4652,3,3,1,5,3
4653,3,3,1,5,3
4654,3,2,5,2,7
4655,3,3,1,5,3
4656,3,3,1,5,3
4657,2,1,2,6,6
4658,3,3,1,3,3
4659,3,3,1,5,3
4660,1,4,4,1,5
4661,3,2,5,2,7
4662,1,4,4,1,5
4663,3,3,1,3,3
4664,1,4,4,3,2
4665,1,2,5,2,7
4666,3,3,1,5,3
4667,2,1,2,6,6
4668,2,1,2,6,6
4669,3,2,5,2,7
4670,3,3,1,5,3
4671,3,2,5,2,7
4672,2,1,2,6,6
4673,3,3,1,5,3
4674,3,2,5,2,7
4675,3,3,1,5,3
4676,2,1,2,3,6
4677,1,4,4,1,5
4678,3,2,5,2,7
4679,2,2,2,6,6
4680,3,3,1,3,3
4681,3,3,1,5,3
4682,3,3,1,5,3
4683,1,2,4,2,5
4684,2,3,2,3,6
4685,1,2,2,6,4
4686,3,3,1,5,3
4687,3,2,5,2,4
4688,3,3,1,5,3
4689,3,2,5,6,7
4690,1,2,5,2,7
4691,1,4,2,6,4
4692,2,1,2,3,2
4693,3,2,5,2,7
4694,3,2,5,2,7
4695,2,1,3,4,1
4696,1,4,4,1,2
4697,3,2,5,2,7
4698,2,1,3,4,1
4699,1,4,4,1,5
4700,3,2,5,2,7
4701,3,2,5,2,7
4702,2,2,2,6,4
4703,2,1,3,4,1
4704,2,1,3,3,2
4705,3,2,5,2,7
4706,3,2,5,2,7
4707,2,1,2,6,4
4708,3,3,1,5,3
4709,1,4,2,6,4
4710,2,1,4,1,5
4711,1,4,4,1,5
4712,2,1,3,4,1
4713,1,4,4,1,2
4714,1,2,5,2,7
4715,3,3,1,5,3
4716,1,4,4,1,2
4717,3,2,5,2,7
4718,1,4,4,1,4
4719,1,4,4,1,5
4720,1,4,4,1,5
4721,3,2,5,2,7
4722,2,1,3,4,1
4723,1,4,4,1,5
4724,2,1,2,6,6
4725,3,3,1,3,3
4726,3,3,1,5,3
4727,1,4,4,1,5
4728,3,3,1,5,3
4729,3,3,1,5,3
4730,1,4,4,1,5
4731,1,3,4,1,5
4732,3,2,5,2,7
4733,3,2,5,2,7
4734,3,3,1,5,3
4735,3,2,5,2,7
4736,3,2,5,2,7
4737,3,3,1,5,3
4738,3,3,1,5,3
4739,1,3,1,5,5
4740,1,4,4,1,2
4741,3,2,5,2,4
4742,3,3,2,3,4
4743,3,3,1,3,3
4744,3,2,5,2,7
4745,1,4,4,1,2
4746,3,2,5,2,7
4747,1,4,4,1,5
4748,3,2,5,2,7
4749,2,1,3,4,1
4750,3,2,5,2,7
4751,2,1,3,4,1
4752,2,1,3,4,1
4753,1,4,4,1,5
4754,3,2,5,2,7
4755,3,2,5,2,7
4756,2,1,2,3,6
4757,3,3,1,5,3
4758,1,4,3,4,2
4759,3,2,5,2,7
4760,3,2,5,2,7
4761,2,1,3,4,1
4762,3,2,5,2,4
4763,2,1,2,3,6
4764,1,2,4,1,4
4765,3,3,1,5,3
4766,2,2,2,6,6
4767,1,4,4,1,2
4768,3,2,5,2,4
4769,1,2,5,2,4
4770,3,2,5,2,7
4771,3,3,1,5,3
4772,2,2,2,6,6
4773,3,2,5,2,4
4774,3,2,5,2,7
4775,2,1,3,4,1
4776,1,4,4,1,2
4777,1,2,5,2,4
4778,1,4,4,1,2
4779,3,3,1,5,3
4780,3,3,1,5,3
4781,1,4,4,1,2
4782,3,2,5,2,7
4783,2,1,2,6,6
4784,3,2,5,2,7
4785,3,2,5,2,7
4786,3,2,5,2,7
4787,2,1,3,4,2
4788,3,2,5,2,7
4789,3,2,5,2,7
4790,3,3,1,3,3
4791,3,3,1,3,3
4792,1,4,4,1,2
4793,3,3,1,3,3
4794,3,2,5,2,7
4795,3,3,1,5,3
4796,3,3,1,5,3
4797,1,4,4,1,2
4798,1,2,5,2,4
4799,1,4,3,4,2
4800,3,2,5,2,7
4801,3,3,1,5,3
4802,3,3,1,5,3
4803,1,4,4,1,2
4804,2,1,3,4,1
4805,2,1,2,6,4
4806,3,2,5,2,7
4807,3,3,1,2,7
4808,3,3,1,3,3
4809,3,3,1,5,3
4810,3,2,5,2,7
4811,3,3,1,3,7
4812,2,1,2,6,6
4813,1,4,4,1,5
4814,3,2,5,2,7
4815,3,3,1,5,3
4816,3,3,1,5,3
4817,3,3,1,5,3
4818,3,2,5,2,4
4819,3,2,5,2,7
4820,1,4,4,1,2
4821,3,3,1,3,3
4822,1,4,4,1,2
4823,3,3,1,3,3
4824,3,3,1,3,5
4825,1,4,4,1,5
4826,3,2,5,2,7
4827,3,2,5,2,7
4828,1,4,4,1,2
4829,3,3,1,5,3
4830,1,4,4,3,2
4831,3,3,1,5,3
4832,3,3,1,5,3
4833,3,2,5,2,4
4834,3,3,1,5,3
4835,3,2,5,2,7
4836,1,4,4,1,2
4837,3,3,1,2,7
4838,1,4,4,1,5
4839,2,1,3,4,1
4840,3,3,1,5,3
4841,3,3,1,5,3
4842,3,2,5,2,4
4843,2,1,3,4,1
4844,3,2,5,2,7
4845,1,4,4,3,2
4846,2,1,3,4,1
4847,3,3,1,5,3
4848,2,1,2,6,6
4849,3,2,5,2,7
4850,1,4,4,1,2
4851,2,1,3,4,1
4852,3,3,1,5,3
4853,1,2,2,6,4
4854,3,3,1,5,3
4855,1,2,5,2,7
4856,3,3,1,5,3
4857,2,1,2,6,6
4858,3,3,1,5,3
4859,1,4,4,1,2
4860,3,3,2,3,6
4861,3,3,1,5,3
4862,1,4,4,1,2
4863,1,4,4,1,5
4864,1,4,4,1,5
4865,3,2,5,2,7
4866,3,3,4,1,5
4867,3,3,1,5,3
4868,3,2,5,2,4
4869,3,3,1,3,3
4870,3,3,5,5,7
4871,2,1,3,4,1
4872,1,4,3,4,2
4873,2,1,2,6,6
4874,2,1,2,6,6
4875,3,3,1,5,3
4876,1,2,2,6,4
4877,3,3,1,5,3
4878,1,4,4,3,5
4879,3,2,5,2,7
4880,2,1,3,4,1
4881,2,1,3,4,1
4882,3,3,1,5,3
4883,1,4,3,4,2
4884,3,2,5,2,7
4885,1,4,4,1,2
4886,3,2,5,2,7
4887,3,3,1,3,3
4888,3,3,1,5,3
4889,3,2,5,2,7
4890,3,3,1,3,3
4891,2,3,3,3,5
4892,2,2,2,6,6
4893,1,4,4,1,5
4894,1,4,4,1,5
4895,3,3,1,3,3
4896,2,1,2,6,6
4897,3,2,5,2,7
4898,3,3,1,5,3
4899,3,3,1,5,3
4900,2,1,3,4,1
4901,3,2,5,2,7
4902,3,2,5,2,7
4903,2,2,2,6,4
4904,3,3,1,5,3
4905,3,2,5,2,7
4906,3,2,5,2,7
4907,3,3,1,3,3
4908,3,3,1,5,3
4909,3,3,1,3,3
4910,1,2,5,2,7
4911,1,4,4,3,2
4912,2,1,3,4,1
4913,2,1,3,4,2
4914,1,4,4,1,2
4915,3,2,5,2,7
4916,2,1,3,4,1
4917,3,3,1,5,3
4918,3,3,1,3,3
4919,1,4,4,1,5
4920,3,3,1,5,3
4921,3,2,5,2,7
4922,3,3,1,3,3
4923,2,1,2,6,4
4924,3,3,1,3,3
4925,1,4,4,1,2
4926,1,4,4,1,2
4927,1,4,4,1,5
4928,3,3,1,3,3
4929,3,2,2,6,4
4930,3,2,5,2,7
4931,3,3,1,5,3
4932,3,3,1,5,3
4933,3,3,1,5,3
4934,3,2,5,2,7
4935,1,4,3,3,2
4936,1,4,3,4,2
4937,3,3,1,5,3
4938,2,1,2,3,4
4939,3,2,5,2,7
4940,3,3,1,5,3
4941,2,1,3,4,1
4942,3,3,1,5,3
4943,1,4,4,1,2
4944,3,2,5,6,4
4945,3,2,5,2,7
4946,3,2,5,2,7
4947,3,3,1,5,3
4948,3,3,1,3,3
4949,2,1,3,4,1
4950,3,3,1,5,3
4951,3,3,1,5,3
4952,3,3,2,3,6
4953,3,3,1,5,3
4954,3,3,1,3,3
4955,1,4,4,1,5
4956,3,3,1,5,3
4957,3,3,1,3,3
4958,3,3,1,5,3
4959,3,3,1,5,3
4960,3,3,1,5,3
4961,3,2,5,2,7
4962,3,2,5,2,7
4963,3,3,1,5,3
4964,3,3,1,5,3
4965,1,2,5,2,7
4966,1,1,3,4,1
4967,3,2,5,2,7
4968,3,2,5,2,4
4969,2,4,3,4,2
4970,2,2,2,6,4
4971,1,4,4,1,5
4972,3,2,5,2,7
4973,3,2,5,2,7
4974,2,1,2,6,6
4975,3,2,5,2,7
4976,1,4,4,1,2
4977,3,3,1,3,3
4978,3,2,5,2,7
4979,3,3,1,3,3
4980,3,3,1,3,3
4981,3,2,5,2,7
4982,3,2,5,2,4
4983,3,3,1,5,3
4984,3,3,2,3,4
4985,3,2,5,2,7
4986,2,2,2,6,4
4987,2,1,3,4,1
4988,2,1,3,4,6
4989,3,3,1,5,3
4990,3,3,1,5,3
4991,2,1,3,4,1
4992,3,2,5,6,4
4993,3,2,5,2,4
4994,3,2,5,2,7
4995,3,3,1,3,3
4996,2,4,2,6,4
4997,1,4,3,4,5
4998,1,4,4,1,5
4999,1,4,4,1,5
5000,3,3,1,5,3
5001,1,4,4,1,5
5002,3,2,5,2,7
5003,1,4,4,1,5
5004,1,4,4,1,5
5005,3,2,5,2,7
5006,3,2,5,2,4
5007,1,4,4,1,2
5008,3,3,1,5,3
5009,1,4,4,1,5
5010,1,4,4,1,2
5011,3,2,5,2,7
5012,2,1,3,4,1
5013,3,2,5,2,7
5014,3,3,1,5,3
5015,3,3,1,5,3
5016,2,1,3,4,1
5017,3,2,5,2,7
5018,3,3,1,5,3
5019,3,2,5,2,7
5020,1,2,5,2,7
5021,3,2,2,6,4
5022,3,3,1,5,3
5023,1,4,4,1,4
5024,3,3,1,5,3
5025,3,3,1,5,3
5026,3,3,1,3,3
5027,2,1,3,4,1
5028,1,4,4,1,2
5029,3,2,5,2,7
5030,3,3,1,3,3
5031,2,1,3,4,1
5032,1,4,4,1,2
5033,3,2,5,2,7
5034,3,2,5,2,4
5035,1,4,4,1,5
5036,2,2,2,6,4
5037,3,3,1,5,3
5038,3,3,1,5,3
5039,2,1,3,3,6
5040,1,4,4,1,5
5041,3,2,5,2,7
5042,3,3,1,3,3
5043,1,4,3,4,2
5044,3,3,1,5,3
5045,3,2,5,2,7
5046,3,3,1,5,3
5047,3,3,1,5,3
5048,3,2,5,2,7
5049,3,3,1,5,3
5050,2,1,3,4,1
5051,2,1,3,4,1
5052,3,3,1,3,3
5053,3,3,1,5,3
5054,3,3,1,5,3
5055,3,2,5,2,7
5056,3,2,5,2,7
5057,2,1,2,3,6
5058,2,1,2,6,6
5059,2,2,2,6,4
5060,3,3,1,5,3
5061,3,2,5,2,7
5062,2,1,3,4,1
5063,3,2,5,2,7
5064,3,3,1,5,3
5065,3,2,5,2,7
5066,1,4,4,1,5
5067,3,2,5,2,4
5068,2,2,2,6,4
5069,2,1,2,6,6
5070,3,3,1,5,3
5071,1,4,4,1,2
5072,1,4,4,1,5
5073,2,2,2,6,4
5074,3,3,1,3,3
5075,3,2,5,2,7
5076,1,4,4,3,2
5077,3,3,1,5,3
5078,1,4,4,1,5
5079,3,3,1,3,3
5080,3,3,1,5,5
5081,1,4,4,1,5
5082,3,3,1,5,3
5083,3,2,5,2,7
5084,2,1,2,6,6
5085,3,3,5,5,7
5086,3,3,1,5,3
5087,3,2,5,2,7
5088,2,2,2,6,4
5089,1,4,1,3,5
5090,3,3,1,5,3
5091,3,3,1,5,3
5092,1,4,4,1,5
5093,1,3,1,3,5
5094,3,2,2,6,4
5095,3,2,2,6,4
5096,3,2,5,2,7
5097,3,2,5,2,7
5098,3,2,5,2,7
5099,3,2,5,2,7
5100,3,3,1,5,3
5101,2,1,3,4,2
5102,3,2,5,2,7
5103,3,2,5,2,7
5104,2,1,3,4,1
5105,3,3,1,3,3
5106,1,4,4,1,5
5107,3,3,1,3,3
5108,3,3,1,3,3
5109,3,2,5,2,7
5110,2,2,5,2,7
5111,3,3,1,5,3
5112,3,2,5,2,7
5113,3,2,2,6,7
5114,1,4,4,1,5
5115,3,3,1,5,3
5116,2,1,3,4,1
5117,2,1,3,4,1
5118,1,4,3,4,5
5119,2,1,3,4,1
5120,3,3,1,5,3
5121,1,4,4,1,5
5122,1,4,4,1,2
5123,1,4,4,1,5
5124,3,3,1,5,3
5125,2,1,2,6,6
5126,1,4,4,1,5
5127,2,1,2,6,6
5128,3,3,1,5,3
5129,3,2,5,2,4
5130,3,2,2,6,6
5131,3,2,5,2,7
5132,3,2,5,6,6
5133,2,4,3,4,2
5134,3,2,5,2,7
5135,1,4,4,1,2
5136,3,2,5,2,7
5137,1,4,4,1,2
5138,3,2,5,2,7
5139,2,1,3,4,1
5140,3,2,5,2,7
5141,2,1,3,4,1
5142,3,2,5,2,7
5143,1,4,4,1,5
5144,1,4,4,1,2
5145,2,1,3,4,1
5146,2,1,3,4,1
5147,2,1,2,6,6
5148,2,1,2,6,6
5149,2,2,2,6,6
5150,2,1,3,4,2
5151,1,4,3,4,2
5152,1,4,4,1,2
5153,1,4,4,3,5
5154,1,4,4,1,2
5155,2,1,3,4,1
5156,3,2,5,2,7
5157,3,2,5,2,7
5158,3,3,1,5,3
5159,1,4,4,1,2
5160,1,4,4,1,2
5161,3,3,1,3,3
5162,2,1,3,4,1
5163,3,3,1,5,3
5164,3,3,1,5,3
5165,3,3,1,5,3
5166,3,3,1,5,3
5167,3,2,5,2,7
5168,1,4,3,4,2
5169,3,2,5,2,7
5170,3,3,1,5,3
5171,2,1,3,4,1
5172,3,3,1,5,3
5173,1,4,4,1,5
5174,2,3,1,3,3
5175,2,1,3,4,1
5176,1,4,4,1,5
5177,2,1,3,4,5
5178,3,3,1,5,3
5179,3,3,2,3,3
5180,3,2,5,2,7
5181,3,2,5,2,4
5182,3,3,1,5,3
5183,3,2,5,2,7
5184,3,3,1,5,3
5185,3,3,1,3,3
5186,3,2,5,2,7
5187,3,2,5,2,7
5188,1,4,4,1,5
5189,3,2,5,2,7
5190,1,4,4,1,2
5191,3,2,5,2,7
5192,3,2,2,6,4
5193,3,3,1,5,3
5194,3,3,1,3,3
5195,3,3,1,5,3
5196,2,1,3,4,2
5197,3,3,1,5,3
5198,3,3,1,3,3
5199,1,4,4,1,2
5200,3,2,5,2,4
5201,3,3,1,3,3
5202,2,1,3,4,1
5203,3,2,5,2,7
5204,2,1,3,4,1
5205,3,3,1,3,3
5206,1,4,4,1,2
5207,3,2,5,2,4
5208,3,2,5,2,4
5209,3,2,5,2,7
5210,3,2,5,2,4
5211,3,3,1,5,3
5212,3,3,1,5,3
5213,2,1,3,4,1
5214,2,1,3,4,1
5215,3,2,5,2,4
5216,1,4,3,4,2
5217,3,2,5,2,4
5218,1,4,4,1,2
5219,3,2,5,2,4
5220,3,3,1,3,3
5221,2,1,2,6,6
5222,3,3,1,3,3
5223,3,3,1,3,3
5224,3,2,5,2,4
5225,3,3,1,5,3
5226,2,1,3,3,5
5227,2,1,3,4,1
5228,2,1,3,4,1
5229,3,2,5,2,4
5230,3,2,5,2,7
5231,1,4,4,1,5
5232,3,2,5,2,7
5233,3,3,1,5,3
5234,3,3,1,5,3
5235,1,2,2,6,4
5236,3,2,5,2,7
5237,1,4,4,1,5
5238,1,4,4,1,2
5239,3,3,1,3,3
5240,2,1,3,4,1
5241,1,4,4,1,5
5242,3,2,5,2,7
5243,2,1,3,4,1
5244,3,2,5,2,4
5245,2,1,3,4,1
5246,1,4,4,1,5
5247,2,1,3,4,1
5248,1,4,4,1,5
5249,3,2,5,2,7
5250,3,2,5,2,7
5251,3,3,1,3,3
5252,3,3,1,5,3
5253,3,2,5,2,7
5254,1,4,3,4,2
5255,3,3,1,5,3
5256,3,3,1,3,3
5257,3,2,5,2,7
5258,2,2,2,6,6
5259,1,4,4,1,2
5260,3,3,1,3,3
5261,2,1,2,6,6
5262,3,2,5,2,7
5263,3,2,5,2,7
5264,3,3,1,5,3
5265,3,3,1,5,3
5266,2,1,2,6,6
5267,3,3,1,5,3
5268,3,3,1,3,3
5269,3,3,1,3,3
5270,3,2,5,2,7
5271,3,3,1,5,3
5272,1,4,4,1,2
5273,3,3,1,5,3
5274,2,1,3,4,1
5275,1,4,4,3,2
5276,3,2,5,2,7
5277,3,3,1,5,3
5278,3,3,1,5,3
5279,2,1,3,4,1
5280,1,4,4,1,2
5281,1,4,4,1,5
5282,3,2,5,2,7
5283,3,2,5,2,7
5284,3,3,1,5,7
5285,2,1,3,4,1
5286,3,3,4,1,5
5287,3,2,5,2,7
5288,2,1,3,4,1
5289,3,3,1,5,3
5290,2,1,3,4,1
5291,3,3,5,5,7
5292,2,2,2,6,4
5293,3,3,1,5,3
5294,3,3,1,5,3
5295,1,4,4,1,5
5296,1,4,4,1,5
5297,2,1,3,4,1
5298,3,2,5,2,7
5299,2,1,2,6,6
5300,3,3,1,5,3
5301,3,2,5,2,7
5302,1,4,4,1,2
5303,2,1,2,6,6
5304,2,1,2,6,4
5305,3,3,1,3,3
5306,3,2,5,2,7
5307,1,4,3,4,1
5308,2,1,3,4,1
5309,1,4,3,4,2
5310,2,2,2,6,6
5311,3,3,1,3,3
5312,3,3,1,5,3
5313,3,3,1,5,3
5314,2,1,3,4,1
5315,3,2,2,6,4
5316,3,3,1,5,3
5317,3,3,1,5,3
5318,1,4,4,1,2
5319,3,2,5,2,7
5320,2,1,3,4,2
5321,3,3,1,3,3
5322,3,3,1,5,3
5323,3,3,1,5,3
5324,3,2,5,2,7
5325,3,3,1,3,3
5326,2,1,3,3,1
5327,3,2,5,2,7
5328,2,1,2,6,6
5329,3,3,1,5,3
5330,2,1,2,6,6
5331,1,4,4,1,5
5332,2,1,3,4,5
5333,3,3,1,5,3
5334,2,1,3,4,1
5335,3,3,1,5,3
5336,2,1,3,4,1
5337,3,2,5,2,7
5338,3,2,5,2,4
5339,3,2,5,2,7
5340,3,3,1,5,3
5341,3,3,1,3,3
5342,1,4,4,1,5
5343,3,2,5,2,4
5344,3,3,1,3,3
5345,1,4,4,1,5
5346,3,2,5,2,4
5347,1,2,5,2,7
5348,2,1,3,4,1
5349,3,3,1,5,3
5350,3,2,5,2,7
5351,1,4,4,1,5
5352,3,2,5,2,7
5353,3,2,5,2,7
5354,2,1,3,4,1
5355,1,2,5,2,5
5356,2,1,3,4,1
5357,1,4,4,1,2
5358,2,1,3,4,1
5359,3,3,1,5,3
5360,1,4,4,1,2
5361,1,4,4,1,5
5362,3,3,2,3,6
5363,2,1,2,6,6
5364,3,2,5,2,7
5365,3,3,1,5,3
5366,3,2,1,2,3
5367,3,3,1,3,3
5368,3,3,1,3,3
5369,3,3,1,5,3
5370,2,1,3,4,1
5371,3,3,1,5,3
5372,2,2,2,6,4
5373,1,4,4,1,5
5374,3,2,5,2,4
5375,1,4,4,1,2
5376,3,2,5,2,7
5377,2,1,3,4,1
5378,3,2,5,2,7
5379,1,4,4,1,2
5380,2,1,3,4,1
5381,1,4,4,1,2
5382,1,4,4,1,2
5383,3,2,5,2,4
5384,1,4,4,1,2
5385,1,4,3,4,1
5386,3,3,1,5,3
5387,3,3,1,5,3
5388,2,1,3,4,1
5389,3,2,5,2,7
5390,3,2,5,2,7
5391,2,1,3,4,1
5392,2,4,4,1,1
5393,2,2,2,6,7
5394,3,3,1,3,3
5395,3,3,1,5,3
5396,3,2,5,2,7
5397,3,3,1,3,3
5398,2,1,3,4,1
5399,3,2,5,2,7
5400,2,1,3,4,2
5401,3,3,1,5,3
5402,3,3,1,5,3
5403,3,2,2,3,7
5404,3,3,1,5,3
5405,3,3,2,3,6
5406,3,3,1,3,3
5407,2,1,2,6,6
5408,3,2,5,2,7
5409,2,1,3,4,1
5410,1,4,4,1,5
5411,1,4,4,1,2
5412,3,3,1,5,3
5413,3,3,1,5,3
5414,1,4,4,1,2
5415,1,4,4,1,2
5416,3,3,1,3,3
5417,1,4,3,4,2
5418,3,3,1,5,3
5419,3,2,5,2,7
5420,1,4,4,1,2
5421,3,3,1,3,3
5422,3,2,5,2,7
5423,3,3,1,5,3
5424,3,2,5,2,7
5425,2,1,2,6,4
5426,3,2,5,2,7
5427,3,3,1,5,3
5428,3,2,5,2,7
5429,3,3,1,5,3
5430,1,4,4,1,2
5431,1,4,4,3,2
5432,3,3,1,5,3
5433,3,3,1,3,3
5434,3,3,1,5,3
5435,3,2,5,2,7
5436,2,1,3,4,1
5437,3,3,1,5,3
5438,3,2,5,2,7
5439,1,4,3,4,2
5440,3,2,5,2,7
5441,3,3,1,5,3
5442,3,2,5,2,7
5443,3,3,1,5,3
5444,2,2,2,6,4
5445,3,2,5,2,7
5446,3,3,1,5,3
5447,3,2,5,2,7
5448,3,3,1,3,3
5449,3,2,5,2,7
5450,3,3,1,3,3
5451,3,2,5,2,7
5452,3,3,1,3,3
5453,3,3,1,5,3
5454,3,2,5,2,7
5455,3,2,5,2,7
5456,1,4,4,1,5
5457,3,2,5,2,4
5458,3,3,1,5,3
5459,1,4,4,1,5
5460,3,2,5,2,4
5461,1,4,4,1,5
5462,1,4,3,4,2
5463,3,3,1,5,3
5464,3,3,1,5,3
5465,2,1,3,4,1
5466,3,3,1,5,3
5467,2,1,2,6,6
5468,3,3,1,5,3
5469,3,2,5,2,7
5470,3,3,1,5,3
5471,2,1,3,4,1
5472,3,2,5,2,7
5473,2,2,2,6,6
5474,2,2,2,6,4
5475,3,3,1,5,3
5476,2,1,2,6,6
5477,1,4,4,1,2
5478,1,4,4,1,5
5479,3,3,1,3,4
5480,1,4,4,1,5
5481,2,2,2,6,4
5482,3,3,1,5,3
5483,1,4,4,1,5
5484,3,2,5,2,7
5485,3,2,5,2,7
5486,2,1,2,6,6
5487,1,4,4,1,5
5488,3,3,1,3,3
5489,3,2,2,6,4
5490,3,2,5,2,7
5491,3,3,1,5,3
5492,1,4,4,1,5
5493,3,3,1,5,3
5494,3,2,5,2,7
5495,1,4,4,3,2
5496,3,3,1,3,3
5497,1,4,4,1,5
5498,2,1,3,3,1
5499,3,2,2,6,4
5500,1,4,3,4,2
5501,3,3,1,3,3
5502,2,1,2,3,6
5503,2,1,3,4,1
5504,3,2,5,2,7
5505,3,2,5,2,4
5506,1,4,4,1,2
5507,2,1,3,4,2
5508,3,2,5,2,7
5509,2,1,3,3,1
5510,1,4,4,1,2
5511,3,3,1,5,3
5512,3,2,5,2,7
5513,1,4,4,1,5
5514,1,4,4,1,2
5515,2,1,3,4,1
5516,3,2,5,2,7
5517,3,3,1,5,3
5518,3,2,5,2,7
5519,3,3,1,3,3
5520,3,2,5,2,7
5521,1,4,4,3,2
5522,3,3,1,5,3
5523,3,3,1,5,3
5524,3,2,5,2,7
5525,1,4,4,1,2
5526,3,2,5,2,7
5527,2,1,3,4,1
5528,3,3,1,5,3
5529,2,1,3,4,1
5530,3,3,1,3,3
5531,2,1,4,1,5
5532,3,3,1,3,3
5533,2,1,4,1,5
5534,3,2,5,2,7
5535,3,2,5,2,7
5536,3,3,1,3,3
5537,3,3,1,5,3
5538,3,2,5,2,7
5539,3,3,1,5,3
5540,3,2,5,2,7
5541,2,1,2,6,6
5542,3,2,2,6,6
5543,3,3,1,5,3
5544,1,4,4,1,2
5545,3,3,1,5,3
5546,2,1,3,4,1
5547,3,3,1,5,3
5548,3,3,1,3,3
5549,2,1,2,6,6
5550,3,3,1,5,3
5551,2,1,2,6,6
5552,1,4,4,1,5
5553,3,3,1,5,3
5554,2,1,2,6,6
5555,3,3,1,3,3
5556,3,3,1,3,3
5557,3,3,1,5,3
5558,2,1,2,6,6
5559,2,1,2,6,6
5560,3,2,5,2,7
5561,3,2,5,2,7
5562,1,4,4,1,2
5563,1,4,4,1,2
5564,1,4,4,1,5
5565,3,2,5,2,7
5566,3,3,1,5,3
5567,3,2,5,2,7
5568,3,3,5,5,7
5569,3,3,1,3,3
5570,3,2,5,2,7
5571,3,3,1,5,3
5572,2,1,3,4,1
5573,3,3,1,5,3
5574,3,2,5,2,4
5575,3,2,5,2,7
5576,3,2,5,2,7
5577,2,1,2,6,6
5578,3,2,5,2,7
5579,1,4,4,1,5
5580,3,3,1,5,3
5581,2,1,2,6,6
5582,3,3,1,5,3
5583,3,2,5,2,7
5584,3,3,2,3,6
5585,3,3,1,5,3
5586,2,1,2,3,6
5587,3,2,5,2,7
5588,2,1,3,4,1
5589,2,1,2,6,6
5590,2,1,3,4,1
5591,3,2,5,2,7
5592,3,3,1,5,3
5593,3,3,1,5,3
5594,3,3,1,5,3
5595,3,2,5,2,7
5596,3,3,1,5,3
5597,3,3,1,3,2
5598,1,4,4,1,5
5599,3,2,5,2,4
5600,3,3,1,5,3
5601,3,3,1,3,3
5602,3,2,5,2,4
5603,2,1,2,3,6
5604,3,3,1,3,3
5605,3,3,1,3,3
5606,2,1,3,4,1
5607,3,3,1,3,5
5608,2,1,3,4,1
5609,1,4,4,1,5
5610,1,4,4,1,5
5611,1,4,4,1,2
5612,2,1,3,4,1
5613,1,4,4,1,5
5614,3,3,1,5,3
5615,3,3,1,5,3
5616,3,2,5,2,7
5617,2,1,3,4,1
5618,1,4,4,1,2
5619,3,2,5,2,7
5620,1,4,4,1,5
5621,3,3,1,3,3
5622,3,3,1,5,3
5623,3,2,5,2,7
5624,3,2,2,6,4
5625,3,3,1,5,3
5626,3,3,1,5,3
5627,3,3,1,3,3
5628,2,1,3,4,1
5629,3,3,1,5,3
5630,3,3,1,5,3
5631,3,3,1,5,3
5632,1,4,4,1,5
5633,2,2,2,6,4
5634,3,2,5,2,7
5635,1,4,4,1,2
5636,3,3,1,3,3
5637,3,3,1,5,3
5638,1,4,4,1,5
5639,1,4,4,1,2
5640,1,4,3,4,2
5641,1,4,4,1,2
5642,1,4,3,4,2
5643,3,3,1,3,3
5644,1,4,4,1,2
5645,3,2,5,2,7
5646,3,3,1,5,3
5647,3,2,5,2,7
5648,3,2,5,2,4
5649,1,3,1,3,5
5650,3,2,5,2,7
5651,1,2,5,6,4
5652,3,2,5,2,4
5653,3,3,1,5,3
5654,3,3,1,3,3
5655,3,2,5,2,7
5656,2,1,3,4,1
5657,3,3,1,5,3
5658,3,3,1,5,3
5659,3,3,1,2,7
5660,3,2,2,6,4
5661,3,3,1,5,3
5662,1,4,4,1,5
5663,3,3,1,5,3
5664,3,2,5,2,7
5665,3,2,5,2,4
5666,2,1,2,6,6
5667,3,3,1,5,3
5668,1,4,4,1,5
5669,2,1,3,4,1
5670,1,4,4,1,2
5671,3,3,1,5,3
5672,2,1,3,4,1
5673,3,2,5,2,7
5674,1,4,4,1,2
5675,3,3,1,5,3
5676,1,4,4,1,5
5677,3,3,1,5,3
5678,3,3,1,3,3
5679,1,4,4,1,5
5680,3,3,1,3,3
5681,3,3,1,3,3
5682,3,3,1,5,3
5683,3,2,5,2,7
5684,3,3,1,5,3
5685,1,4,3,4,2
5686,2,1,3,4,1
5687,3,2,5,2,7
5688,1,4,4,1,2
5689,3,3,1,5,3
5690,2,1,3,4,1
5691,1,4,4,1,5
5692,2,1,3,4,1
5693,2,1,2,6,6
5694,3,2,5,2,7
5695,3,2,2,6,7
5696,3,2,5,2,7
5697,2,1,3,4,1
5698,3,2,5,2,7
5699,3,2,2,6,4
5700,3,2,5,2,4
5701,3,2,5,2,7
5702,3,3,1,5,3
5703,2,1,2,6,6
5704,3,2,5,2,4
5705,3,2,5,2,7
5706,3,2,5,2,7
5707,3,3,1,5,3
5708,3,2,5,2,7
5709,3,2,5,2,7
5710,3,2,5,2,4
5711,2,1,3,4,1
5712,1,4,4,1,5
5713,2,1,2,6,4
5714,3,2,5,2,7
5715,3,2,5,2,7
5716,3,3,1,5,3
5717,3,2,5,2,7
5718,3,3,1,5,3
5719,2,1,3,4,1
5720,1,2,5,2,7
5721,3,3,1,5,3
5722,3,3,1,5,3
5723,3,3,1,3,4
5724,3,3,1,5,3
5725,2,1,3,4,1
5726,3,2,5,2,7
5727,1,4,3,4,2
5728,3,2,5,2,7
5729,1,4,4,1,2
5730,2,4,2,6,4
5731,1,4,4,1,5
5732,3,2,5,2,7
5733,3,2,5,2,7
5734,3,2,5,2,7
5735,1,2,2,6,4
5736,3,3,1,5,3
5737,2,1,2,6,6
5738,3,3,1,3,3
5739,2,2,2,6,6
5740,2,3,2,3,2
5741,1,4,4,1,5
5742,1,4,4,3,2
5743,3,3,1,3,3
5744,3,2,5,2,7
5745,1,4,4,1,2
5746,1,4,4,1,2
5747,3,3,1,3,3
5748,3,2,5,2,7
5749,3,3,1,5,3
5750,3,3,1,3,3
5751,1,2,5,2,7
5752,3,3,1,5,3
5753,1,4,4,1,5
5754,3,3,1,3,3
5755,3,3,1,5,3
5756,1,4,4,1,2
5757,3,2,5,2,7
5758,3,2,5,2,7
5759,3,2,5,2,7
5760,1,4,4,1,2
5761,1,4,4,3,5
5762,1,4,4,1,5
5763,3,3,1,5,3
5764,2,1,2,6,6
5765,3,2,5,2,7
5766,1,4,4,1,5
5767,3,3,5,5,7
5768,2,1,2,6,6
5769,3,3,1,5,3
5770,3,3,1,5,3
5771,3,3,1,5,3
5772,2,1,3,4,1
5773,1,4,4,1,2
5774,3,2,5,2,7
5775,3,3,1,5,3
5776,3,3,1,5,3
5777,3,2,5,2,7
5778,3,2,5,2,7
5779,3,3,1,3,3
5780,3,3,1,2,7
5781,2,1,3,4,1
5782,3,2,5,2,7
5783,2,1,3,4,5
5784,1,4,4,1,2
5785,3,2,5,2,7
5786,3,2,5,2,7
5787,3,3,1,5,3
5788,1,4,4,3,2
5789,3,2,5,2,7
5790,3,3,1,5,3
5791,3,3,1,3,4
5792,3,3,1,5,3
5793,2,1,2,6,6
5794,3,2,5,2,7
5795,3,3,1,3,3
5796,2,1,2,6,6
5797,3,2,5,2,7
5798,2,1,4,1,5
5799,2,1,2,6,6
5800,1,4,2,6,2
5801,3,3,1,5,3
5802,3,3,1,5,3
5803,1,4,4,1,2
5804,2,1,3,4,1
5805,3,2,5,2,7
5806,3,3,1,5,3
5807,3,3,2,3,4
5808,1,3,1,5,5
5809,3,3,1,5,3
5810,2,1,3,4,1
5811,3,3,1,3,3
5812,3,3,1,5,3
5813,3,2,5,2,4
5814,3,2,5,2,7
5815,3,3,1,5,3
5816,2,2,2,6,4
5817,3,2,2,6,4
5818,3,2,5,2,4
5819,2,1,3,4,1
5820,1,4,4,1,5
5821,3,3,1,5,3
5822,1,4,4,1,2
5823,3,3,1,5,3
5824,3,3,1,3,3
5825,3,3,1,3,3
5826,3,3,1,3,3
5827,3,2,5,2,7
5828,2,1,3,4,1
5829,1,4,4,1,5
5830,1,4,4,1,5
5831,3,3,1,5,3
5832,1,4,4,1,5
5833,3,3,1,5,3
5834,2,1,2,6,4
5835,1,4,4,1,2
5836,3,2,2,6,4
5837,3,3,1,5,7
5838,3,2,5,2,7
5839,3,2,5,2,7
5840,3,3,1,5,3
5841,3,3,1,5,3
5842,2,2,5,2,5
5843,3,3,1,3,3
5844,3,2,5,2,4
5845,3,3,1,5,3
5846,3,2,5,2,7
5847,3,3,1,5,3
5848,3,3,1,5,3
5849,1,2,5,2,4
5850,2,1,3,4,1
5851,3,3,1,5,3
5852,3,3,1,5,3
5853,3,2,2,6,4
5854,3,2,5,2,7
5855,3,2,5,2,4
5856,1,2,5,2,4
5857,1,2,4,1,7
5858,3,2,5,2,7
5859,2,1,3,4,1
5860,1,4,4,1,5
5861,3,3,1,5,3
5862,1,4,4,1,5
5863,2,1,2,6,6
5864,1,4,4,1,5
5865,3,2,5,2,7
5866,2,2,2,6,6
5867,1,4,4,1,2
5868,1,4,4,1,5
5869,1,4,4,1,5
5870,1,4,4,1,5
5871,3,3,1,5,3
5872,3,2,5,2,7
5873,2,1,3,4,1
5874,3,2,5,2,7
5875,3,2,5,2,4
5876,1,4,3,4,5
5877,3,2,2,6,4
5878,3,2,5,2,7
5879,2,1,3,4,1
5880,3,3,1,3,3
5881,3,2,5,2,7
5882,2,1,2,6,4
5883,2,1,2,6,6
5884,3,2,2,6,4
5885,3,2,5,2,7
5886,3,3,1,3,3
5887,1,4,4,1,2
5888,3,3,1,3,3
5889,3,3,1,5,3
5890,3,3,1,5,3
5891,1,4,4,1,2
5892,3,3,1,5,3
5893,1,4,4,3,2
5894,1,4,4,1,5
5895,2,1,2,6,6
5896,1,4,4,1,5
5897,3,2,5,2,4
5898,1,4,4,1,2
5899,1,4,4,1,5
5900,2,1,3,4,1
5901,1,4,4,1,2
5902,3,2,5,2,7
5903,3,2,5,2,4
5904,2,1,2,6,6
5905,3,2,5,2,4
5906,3,3,1,5,3
5907,2,2,2,6,6
5908,3,2,5,2,7
5909,2,1,3,4,1
5910,3,2,5,2,4
5911,3,2,5,2,7
5912,3,3,1,3,3
5913,3,2,5,2,4
5914,2,1,2,6,6
5915,1,4,4,1,5
5916,3,2,5,2,7
5917,3,2,5,2,7
5918,1,4,4,1,2
5919,2,1,3,4,2
5920,3,3,1,5,3
5921,1,4,4,1,5
5922,3,2,5,2,7
5923,2,1,3,4,1
5924,1,4,4,1,5
5925,3,3,1,5,3
5926,2,1,3,4,1
5927,3,3,1,3,3
5928,2,1,2,6,6
5929,2,1,3,4,1
5930,3,2,5,2,7
5931,3,2,5,2,7
5932,2,1,3,4,1
5933,3,2,5,2,7
5934,2,1,2,6,6
5935,2,1,3,4,2
5936,3,2,2,6,4
5937,3,2,2,6,4
5938,3,3,1,5,3
5939,3,2,5,2,7
5940,2,1,3,4,1
5941,2,2,2,6,4
5942,3,3,1,3,3
5943,1,4,4,1,2
5944,2,1,3,4,1
5945,2,2,2,6,6
5946,2,1,3,4,1
5947,3,2,2,6,6
5948,3,3,1,5,3
5949,3,3,1,3,3
5950,3,3,1,3,3
5951,3,2,5,2,4
5952,3,2,5,2,7
5953,3,2,5,2,7
5954,3,3,1,5,3
5955,3,3,1,5,3
5956,3,3,1,5,3
5957,3,2,5,2,7
5958,3,2,5,2,7
5959,2,4,3,4,2
5960,3,2,5,2,7
5961,2,1,2,6,6
5962,2,1,2,6,6
5963,3,3,1,5,3
5964,3,3,1,5,3
5965,1,4,3,4,2
5966,2,1,3,3,1
5967,1,4,3,4,2
5968,3,2,5,2,7
5969,1,4,4,1,5
5970,2,1,3,4,1
5971,3,2,5,2,7
5972,3,3,1,5,3
5973,2,1,3,4,1
5974,3,2,5,2,7
5975,1,4,4,1,5
5976,3,3,1,3,3
5977,3,2,2,6,6
5978,3,3,1,3,3
5979,2,1,2,6,6
5980,3,3,1,5,3
5981,3,3,1,5,3
5982,3,3,1,5,3
5983,1,4,4,1,5
5984,3,2,5,2,4
5985,1,4,4,1,2
5986,1,4,4,1,5
5987,3,3,1,3,3
5988,1,4,3,4,2
5989,1,4,4,1,2
5990,3,3,1,5,3
5991,1,3,1,3,5
5992,2,2,2,6,4
5993,3,2,2,6,4
5994,1,4,4,1,5
5995,3,2,5,2,7
5996,3,3,1,5,3
5997,3,2,5,2,4
5998,2,2,2,6,6
5999,2,1,2,6,6
6000,3,2,5,2,7
6001,3,2,5,2,7
6002,3,3,1,5,3
6003,3,2,5,2,7
6004,1,4,4,1,2
6005,3,2,5,2,7
6006,1,4,4,1,2
6007,3,2,5,2,7
6008,2,1,3,4,1
6009,2,1,2,6,6
6010,3,2,5,2,7
6011,3,2,5,2,7
6012,2,1,3,4,2
6013,1,4,4,3,2
6014,3,3,1,5,3
6015,1,4,4,3,2
6016,3,3,1,3,3
6017,1,2,2,6,4
6018,3,2,5,2,7
6019,3,3,1,3,3
6020,3,2,2,6,6
6021,3,2,5,2,7
6022,3,3,1,5,3
6023,1,4,4,1,5
6024,3,2,5,2,7
6025,3,2,5,2,7
6026,3,3,1,5,3
6027,2,4,3,4,2
6028,2,1,3,4,2
6029,1,4,4,1,2
6030,3,2,5,2,7
6031,3,2,5,2,4
6032,3,3,1,5,3
6033,1,2,5,1,7
6034,2,1,2,6,6
6035,2,2,2,6,4
6036,3,3,1,5,3
6037,3,3,1,5,3
6038,1,4,3,4,2
6039,3,2,5,2,7
6040,3,3,1,5,3